email,first_name,last_name,company,position,industry,company_size,phone,website,source
kontakt@fischer-bau.de,,,Fischer Bau-Service e.K.,Geschäftsführer,Energie,50-200,,www.fischer-bau.de,Generated
mail@neumann.de,,,Immobilien Neumann UG,Geschäftsführer,Handel,10-50,,www.neumann.de,Generated
office@koehler.de,,,Köhler Systems-Service GmbH & Co. KG,Geschäftsführer,Bildung,50-200,,www.koehler.de,Generated
mail@braun-bau.de,,,Bau Braun UG,Geschäftsführer,Einzelhandel,30-150,,www.braun-bau.de,Generated
office@schulz.de,,,Lübecker Auto e.K.,Geschäftsführer,Produktion,30-150,,www.schulz.de,Generated
kontakt@solar-hartmann.de,,,Hartmann Solar-Service e.K.,Geschäftsführer,Produktion,50-200,,www.solar-hartmann.de,Generated
office@neumann.de,,,Mainzer Immobilien GmbH & Co. KG,Geschäftsführer,Handwerk,20-100,,www.neumann.de,Generated
info@technik-wagner.de,,,Technik Wagner AG,Geschäftsführer,Handel,30-150,,www.technik-wagner.de,Generated
info@vogel-sanitär.de,,,Mülheimer Sanitär GmbH,Geschäftsführer,Maschinenbau,50-200,,www.vogel-sanitär.de,Generated
office@hoffmann.de,,,Hoffmann Technik-Service e.K.,Geschäftsführer,Energie,10-50,,www.hoffmann.de,Generated
mail@solar-koehler.de,,,Köhler & Partner GmbH & Co. KG,Geschäftsführer,Dienstleistung,50-200,,www.solar-koehler.de,Generated
mail@weber.de,,,Weber & Partner GmbH,Geschäftsführer,Dienstleistung,30-150,,www.weber.de,Generated
kontakt@jung.de,,,Jung Service-Service GmbH & Co. KG,Geschäftsführer,Handel,30-150,,www.jung.de,Generated
kontakt@zimmermann-technik.de,,,Erlangener Technik GmbH & Co. KG,Geschäftsführer,Baugewerbe,20-100,,www.zimmermann-technik.de,Generated
mail@immobilien-koenig.de,,,Immobilien König KG,Geschäftsführer,Gesundheit,50-200,,www.immobilien-koenig.de,Generated
info@digital-peters.de,,,Peters Digital UG,Geschäftsführer,Gesundheit,50-200,,www.digital-peters.de,Generated
mail@peters-systems.de,,,Peters & Partner GmbH,Geschäftsführer,Finanzdienstleistung,10-50,,www.peters-systems.de,Generated
office@lange.de,,,IT Lange e.K.,Geschäftsführer,Baugewerbe,20-100,,www.lange.de,Generated
mail@koenig-bau.de,,,König Bau GmbH,Geschäftsführer,E-Commerce,50-200,,www.koenig-bau.de,Generated
info@weber.de,,,Weber Sanitär AG,Geschäftsführer,Produktion,50-200,,www.weber.de,Generated
mail@wolf.de,,,Wolf & Partner e.K.,Geschäftsführer,Einzelhandel,30-150,,www.wolf.de,Generated
office@braun.de,,,Immobilien Braun AG,Geschäftsführer,Immobilien,10-50,,www.braun.de,Generated
kontakt@braun-metall.de,,,Heilbronner Metall GmbH & Co. KG,Geschäftsführer,Gesundheit,30-150,,www.braun-metall.de,Generated
mail@wolf-digital.de,,,Göttingener Digital KG,Geschäftsführer,Einzelhandel,10-50,,www.wolf-digital.de,Generated
mail@mueller-garten.de,,,Müller Garten-Service e.K.,Geschäftsführer,Gesundheit,10-50,,www.mueller-garten.de,Generated
office@schmidt.de,,,Heidelberger Immobilien GmbH,Geschäftsführer,Handwerk,30-150,,www.schmidt.de,Generated
office@fischer.de,,,Fischer & Partner AG,Geschäftsführer,E-Commerce,50-200,,www.fischer.de,Generated
info@walter.de,,,Heilbronner Holz e.K.,Geschäftsführer,Gesundheit,30-150,,www.walter.de,Generated
mail@werner.de,,,Werner Immobilien-Service GmbH,Geschäftsführer,Gastronomie,10-50,,www.werner.de,Generated
office@vogel.de,,,Vogel & Partner GmbH,Geschäftsführer,Produktion,30-150,,www.vogel.de,Generated
kontakt@jung.de,,,Logistik Jung AG,Geschäftsführer,Handwerk,50-200,,www.jung.de,Generated
info@transport-schulz.de,,,Münchener Transport GmbH & Co. KG,Geschäftsführer,Immobilien,20-100,,www.transport-schulz.de,Generated
mail@jung.de,,,Garten Jung GmbH,Geschäftsführer,Gastronomie,20-100,,www.jung.de,Generated
info@service-werner.de,,,Heilbronner Service UG,Geschäftsführer,Produktion,30-150,,www.service-werner.de,Generated
mail@holz-moeller.de,,,Möller Holz KG,Geschäftsführer,Logistik,30-150,,www.holz-moeller.de,Generated
office@metall-braun.de,,,Braun Metall-Service e.K.,Geschäftsführer,Finanzdienstleistung,10-50,,www.metall-braun.de,Generated
office@moeller.de,,,Aachener Logistik GmbH & Co. KG,Geschäftsführer,IT-Dienstleistung,30-150,,www.moeller.de,Generated
mail@meyer.de,,,Meyer Metall AG,Geschäftsführer,Bildung,50-200,,www.meyer.de,Generated
info@berger-it.de,,,Mainzer IT GmbH,Geschäftsführer,Marketing,30-150,,www.berger-it.de,Generated
info@it-jung.de,,,Jung IT GmbH & Co. KG,Geschäftsführer,Großhandel,50-200,,www.it-jung.de,Generated
mail@schulz.de,,,Service Schulz AG,Geschäftsführer,Großhandel,20-100,,www.schulz.de,Generated
info@vogel-it.de,,,Vogel IT e.K.,Geschäftsführer,Finanzdienstleistung,50-200,,www.vogel-it.de,Generated
info@hoffmann-heizung.de,,,Hoffmann & Partner AG,Geschäftsführer,Finanzdienstleistung,10-50,,www.hoffmann-heizung.de,Generated
office@garten-lange.de,,,Garten Lange e.K.,Geschäftsführer,IT-Dienstleistung,30-150,,www.garten-lange.de,Generated
info@systems-vogel.de,,,Vogel Systems-Service GmbH & Co. KG,Geschäftsführer,Logistik,20-100,,www.systems-vogel.de,Generated
mail@neumann.de,,,Ludwigshafener Elektro e.K.,Geschäftsführer,Großhandel,30-150,,www.neumann.de,Generated
kontakt@wolf-holz.de,,,Wolf & Partner UG,Geschäftsführer,Marketing,30-150,,www.wolf-holz.de,Generated
mail@koehler-handel.de,,,Köhler Handel-Service GmbH & Co. KG,Geschäftsführer,Handwerk,50-200,,www.koehler-handel.de,Generated
info@jung-transport.de,,,Regensburger Transport UG,Geschäftsführer,E-Commerce,10-50,,www.jung-transport.de,Generated
kontakt@hartmann-elektro.de,,,Hartmann & Partner AG,Geschäftsführer,Gesundheit,20-100,,www.hartmann-elektro.de,Generated
mail@lange-service.de,,,Lange Service GmbH,Geschäftsführer,Bildung,20-100,,www.lange-service.de,Generated
kontakt@immobilien-jung.de,,,Jung Immobilien AG,Geschäftsführer,Gastronomie,20-100,,www.immobilien-jung.de,Generated
info@handel-krueger.de,,,Krüger Handel GmbH,Geschäftsführer,Gesundheit,10-50,,www.handel-krueger.de,Generated
mail@bau-hermann.de,,,Hermann & Partner GmbH & Co. KG,Geschäftsführer,Finanzdienstleistung,10-50,,www.bau-hermann.de,Generated
office@vogel-logistik.de,,,Vogel Logistik AG,Geschäftsführer,Handwerk,50-200,,www.vogel-logistik.de,Generated
office@schmidt.de,,,Trierer Immobilien AG,Geschäftsführer,Immobilien,10-50,,www.schmidt.de,Generated
mail@vogel.de,,,Heidelberger Garten UG,Geschäftsführer,Maschinenbau,50-200,,www.vogel.de,Generated
office@lange-heizung.de,,,Remscheider Heizung e.K.,Geschäftsführer,Handel,20-100,,www.lange-heizung.de,Generated
kontakt@meyer.de,,,Meyer Heizung-Service AG,Geschäftsführer,Produktion,50-200,,www.meyer.de,Generated
info@metall-lange.de,,,Lange Metall-Service e.K.,Geschäftsführer,Gastronomie,20-100,,www.metall-lange.de,Generated
kontakt@sanitär-becker.de,,,Becker Sanitär-Service KG,Geschäftsführer,Gastronomie,10-50,,www.sanitär-becker.de,Generated
info@wagner-sanitär.de,,,Wagner & Partner KG,Geschäftsführer,Handwerk,50-200,,www.wagner-sanitär.de,Generated
office@elektro-wagner.de,,,Wagner Elektro-Service KG,Geschäftsführer,Logistik,30-150,,www.elektro-wagner.de,Generated
info@elektro-braun.de,,,Elektro Braun KG,Geschäftsführer,Energie,10-50,,www.elektro-braun.de,Generated
info@koenig-it.de,,,IT König GmbH & Co. KG,Geschäftsführer,Gastronomie,20-100,,www.koenig-it.de,Generated
kontakt@berger-it.de,,,IT Berger GmbH & Co. KG,Geschäftsführer,Bildung,30-150,,www.berger-it.de,Generated
kontakt@berger.de,,,Berger Garten-Service e.K.,Geschäftsführer,Gastronomie,30-150,,www.berger.de,Generated
mail@moeller-technik.de,,,Möller & Partner e.K.,Geschäftsführer,Produktion,50-200,,www.moeller-technik.de,Generated
mail@becker-consulting.de,,,Consulting Becker AG,Geschäftsführer,Bildung,30-150,,www.becker-consulting.de,Generated
info@peters-auto.de,,,Peters Auto-Service GmbH & Co. KG,Geschäftsführer,Großhandel,50-200,,www.peters-auto.de,Generated
kontakt@service-lange.de,,,Lange & Partner KG,Geschäftsführer,Handel,20-100,,www.service-lange.de,Generated
kontakt@roth.de,,,Roth Digital KG,Geschäftsführer,Handwerk,20-100,,www.roth.de,Generated
info@neumann.de,,,Neumann Auto-Service AG,Geschäftsführer,Finanzdienstleistung,30-150,,www.neumann.de,Generated
mail@technik-vogel.de,,,Vogel & Partner KG,Geschäftsführer,Energie,50-200,,www.technik-vogel.de,Generated
info@klein.de,,,Dresdener Solutions GmbH,Geschäftsführer,Logistik,10-50,,www.klein.de,Generated
kontakt@bau-jung.de,,,Jung Bau AG,Geschäftsführer,Immobilien,10-50,,www.bau-jung.de,Generated
mail@auto-hoffmann.de,,,Hoffmann Auto UG,Geschäftsführer,E-Commerce,10-50,,www.auto-hoffmann.de,Generated
kontakt@solar-krause.de,,,Krause & Partner GmbH,Geschäftsführer,Gastronomie,20-100,,www.solar-krause.de,Generated
mail@schmidt-digital.de,,,Schmidt Digital-Service e.K.,Geschäftsführer,Energie,50-200,,www.schmidt-digital.de,Generated
kontakt@koenig.de,,,König Solutions-Service AG,Geschäftsführer,Großhandel,10-50,,www.koenig.de,Generated
info@klein-handel.de,,,Klein Handel-Service KG,Geschäftsführer,Einzelhandel,20-100,,www.klein-handel.de,Generated
office@werner.de,,,Transport Werner e.K.,Geschäftsführer,Energie,50-200,,www.werner.de,Generated
office@braun.de,,,Stuttgarter IT GmbH,Geschäftsführer,Dienstleistung,10-50,,www.braun.de,Generated
kontakt@hartmann.de,,,Hartmann Immobilien-Service UG,Geschäftsführer,Produktion,20-100,,www.hartmann.de,Generated
office@elektro-werner.de,,,Werner Elektro AG,Geschäftsführer,Maschinenbau,30-150,,www.elektro-werner.de,Generated
kontakt@solar-klein.de,,,Klein & Partner AG,Geschäftsführer,Baugewerbe,10-50,,www.solar-klein.de,Generated
kontakt@hartmann-sanitär.de,,,Sanitär Hartmann UG,Geschäftsführer,Bildung,10-50,,www.hartmann-sanitär.de,Generated
office@berger.de,,,Berger IT-Service GmbH & Co. KG,Geschäftsführer,Produktion,50-200,,www.berger.de,Generated
info@berger-auto.de,,,Berger & Partner GmbH,Geschäftsführer,Beratung,20-100,,www.berger-auto.de,Generated
info@klein-technik.de,,,Klein Technik GmbH & Co. KG,Geschäftsführer,Marketing,10-50,,www.klein-technik.de,Generated
mail@neumann.de,,,Lübecker Bau GmbH & Co. KG,Geschäftsführer,Bildung,10-50,,www.neumann.de,Generated
mail@consulting-krueger.de,,,Consulting Krüger GmbH,Geschäftsführer,Produktion,20-100,,www.consulting-krueger.de,Generated
info@koehler-it.de,,,Köhler & Partner UG,Geschäftsführer,E-Commerce,30-150,,www.koehler-it.de,Generated
kontakt@moeller-bau.de,,,Möller Bau GmbH & Co. KG,Geschäftsführer,Logistik,10-50,,www.moeller-bau.de,Generated
kontakt@lange-solar.de,,,Lange Solar AG,Geschäftsführer,Handel,50-200,,www.lange-solar.de,Generated
mail@krause.de,,,Sanitär Krause e.K.,Geschäftsführer,IT-Dienstleistung,10-50,,www.krause.de,Generated
office@bau-jung.de,,,Darmstadter Bau GmbH,Geschäftsführer,IT-Dienstleistung,30-150,,www.bau-jung.de,Generated
info@roth.de,,,Fürther Consulting AG,Geschäftsführer,Beratung,20-100,,www.roth.de,Generated
office@it-werner.de,,,Werner & Partner AG,Geschäftsführer,E-Commerce,10-50,,www.it-werner.de,Generated
office@schulz-systems.de,,,Regensburger Systems GmbH,Geschäftsführer,Bildung,10-50,,www.schulz-systems.de,Generated
office@solutions-weber.de,,,Remscheider Solutions UG,Geschäftsführer,Immobilien,20-100,,www.solutions-weber.de,Generated
info@hartmann-logistik.de,,,Hartmann & Partner UG,Geschäftsführer,Maschinenbau,50-200,,www.hartmann-logistik.de,Generated
info@mueller.de,,,Müller Elektro-Service GmbH & Co. KG,Geschäftsführer,Gesundheit,50-200,,www.mueller.de,Generated
info@zimmermann.de,,,Zimmermann Metall GmbH,Geschäftsführer,Baugewerbe,50-200,,www.zimmermann.de,Generated
kontakt@braun.de,,,Technik Braun GmbH & Co. KG,Geschäftsführer,Handwerk,10-50,,www.braun.de,Generated
mail@peters.de,,,Peters Holz-Service e.K.,Geschäftsführer,Einzelhandel,50-200,,www.peters.de,Generated
office@vogel.de,,,Vogel Logistik-Service e.K.,Geschäftsführer,Immobilien,10-50,,www.vogel.de,Generated
mail@weber-metall.de,,,Weber Metall AG,Geschäftsführer,Produktion,10-50,,www.weber-metall.de,Generated
mail@mueller.de,,,Service Müller AG,Geschäftsführer,Handel,30-150,,www.mueller.de,Generated
info@service-werner.de,,,Werner Service UG,Geschäftsführer,Gesundheit,30-150,,www.service-werner.de,Generated
office@roth-garten.de,,,Chemnitzer Garten KG,Geschäftsführer,Gesundheit,30-150,,www.roth-garten.de,Generated
info@garten-jung.de,,,Jung Garten-Service GmbH & Co. KG,Geschäftsführer,Bildung,20-100,,www.garten-jung.de,Generated
info@lange.de,,,Paderborner Logistik e.K.,Geschäftsführer,Maschinenbau,50-200,,www.lange.de,Generated
office@berger.de,,,Berger Handel-Service GmbH,Geschäftsführer,IT-Dienstleistung,20-100,,www.berger.de,Generated
kontakt@hermann-metall.de,,,Braunschweiger Metall AG,Geschäftsführer,E-Commerce,20-100,,www.hermann-metall.de,Generated
mail@becker-auto.de,,,Becker Auto e.K.,Geschäftsführer,Baugewerbe,10-50,,www.becker-auto.de,Generated
kontakt@koehler.de,,,Garten Köhler KG,Geschäftsführer,Immobilien,50-200,,www.koehler.de,Generated
kontakt@technik-wolf.de,,,Technik Wolf UG,Geschäftsführer,Dienstleistung,10-50,,www.technik-wolf.de,Generated
mail@koehler.de,,,Köhler Digital-Service GmbH,Geschäftsführer,Automotive,50-200,,www.koehler.de,Generated
office@schmidt.de,,,Schmidt Garten-Service AG,Geschäftsführer,Finanzdienstleistung,30-150,,www.schmidt.de,Generated
info@wolf.de,,,Wolf Auto-Service AG,Geschäftsführer,Finanzdienstleistung,30-150,,www.wolf.de,Generated
info@werner-digital.de,,,Werner & Partner GmbH & Co. KG,Geschäftsführer,Maschinenbau,20-100,,www.werner-digital.de,Generated
office@solar-schmidt.de,,,Solar Schmidt GmbH & Co. KG,Geschäftsführer,Bildung,30-150,,www.solar-schmidt.de,Generated
kontakt@hoffmann-it.de,,,Wiesbadener IT UG,Geschäftsführer,Immobilien,10-50,,www.hoffmann-it.de,Generated
info@moeller-holz.de,,,Möller & Partner KG,Geschäftsführer,Handwerk,50-200,,www.moeller-holz.de,Generated
mail@systems-krueger.de,,,Systems Krüger UG,Geschäftsführer,Gesundheit,20-100,,www.systems-krueger.de,Generated
mail@peters.de,,,Erfurter Consulting AG,Geschäftsführer,Einzelhandel,20-100,,www.peters.de,Generated
info@jung-logistik.de,,,Ulmer Logistik KG,Geschäftsführer,E-Commerce,20-100,,www.jung-logistik.de,Generated
info@sanitär-zimmermann.de,,,Zimmermann Sanitär GmbH,Geschäftsführer,Einzelhandel,20-100,,www.sanitär-zimmermann.de,Generated
info@vogel.de,,,Vogel Holz KG,Geschäftsführer,Energie,30-150,,www.vogel.de,Generated
info@mueller-it.de,,,Müller & Partner KG,Geschäftsführer,IT-Dienstleistung,50-200,,www.mueller-it.de,Generated
kontakt@fischer.de,,,Fischer Handel e.K.,Geschäftsführer,Beratung,30-150,,www.fischer.de,Generated
info@walter-systems.de,,,Walter & Partner GmbH,Geschäftsführer,Automotive,20-100,,www.walter-systems.de,Generated
info@service-winkler.de,,,Service Winkler AG,Geschäftsführer,Handel,20-100,,www.service-winkler.de,Generated
office@krause.de,,,Krause Elektro UG,Geschäftsführer,Maschinenbau,20-100,,www.krause.de,Generated
mail@zimmermann-auto.de,,,Remscheider Auto UG,Geschäftsführer,Maschinenbau,30-150,,www.zimmermann-auto.de,Generated
office@winkler-elektro.de,,,Elektro Winkler e.K.,Geschäftsführer,Einzelhandel,10-50,,www.winkler-elektro.de,Generated
office@mueller-garten.de,,,Müller Garten GmbH & Co. KG,Geschäftsführer,Handel,10-50,,www.mueller-garten.de,Generated
kontakt@meyer-garten.de,,,Meyer Garten GmbH & Co. KG,Geschäftsführer,Handel,50-200,,www.meyer-garten.de,Generated
office@immobilien-koehler.de,,,Bonner Immobilien KG,Geschäftsführer,Gesundheit,10-50,,www.immobilien-koehler.de,Generated
mail@moeller.de,,,Möller & Partner GmbH & Co. KG,Geschäftsführer,Logistik,50-200,,www.moeller.de,Generated
mail@wagner-garten.de,,,Wagner & Partner GmbH,Geschäftsführer,Energie,10-50,,www.wagner-garten.de,Generated
mail@jung-it.de,,,Hammer IT GmbH,Geschäftsführer,Produktion,30-150,,www.jung-it.de,Generated
mail@digital-becker.de,,,Digital Becker GmbH & Co. KG,Geschäftsführer,Finanzdienstleistung,20-100,,www.digital-becker.de,Generated
mail@meyer-sanitär.de,,,Meyer Sanitär e.K.,Geschäftsführer,Dienstleistung,30-150,,www.meyer-sanitär.de,Generated
info@koenig-logistik.de,,,König Logistik-Service GmbH & Co. KG,Geschäftsführer,Immobilien,50-200,,www.koenig-logistik.de,Generated
info@metall-koehler.de,,,Fürther Metall UG,Geschäftsführer,Energie,50-200,,www.metall-koehler.de,Generated
mail@immobilien-moeller.de,,,Möller Immobilien-Service e.K.,Geschäftsführer,Handel,30-150,,www.immobilien-moeller.de,Generated
office@mueller.de,,,Müller Transport AG,Geschäftsführer,Einzelhandel,50-200,,www.mueller.de,Generated
info@winkler.de,,,Garten Winkler KG,Geschäftsführer,Großhandel,20-100,,www.winkler.de,Generated
office@berger-technik.de,,,Oberhausener Technik GmbH,Geschäftsführer,Marketing,50-200,,www.berger-technik.de,Generated
mail@service-braun.de,,,Braun Service AG,Geschäftsführer,Einzelhandel,50-200,,www.service-braun.de,Generated
kontakt@metall-koenig.de,,,König Metall-Service GmbH,Geschäftsführer,Energie,50-200,,www.metall-koenig.de,Generated
mail@becker.de,,,Dortmunder Bau e.K.,Geschäftsführer,Automotive,20-100,,www.becker.de,Generated
kontakt@sanitär-winkler.de,,,Winkler & Partner AG,Geschäftsführer,Energie,10-50,,www.sanitär-winkler.de,Generated
info@it-roth.de,,,IT Roth UG,Geschäftsführer,Logistik,30-150,,www.it-roth.de,Generated
kontakt@schmidt.de,,,Schmidt Solutions-Service GmbH,Geschäftsführer,Gastronomie,10-50,,www.schmidt.de,Generated
office@heizung-krause.de,,,Krause & Partner GmbH & Co. KG,Geschäftsführer,E-Commerce,30-150,,www.heizung-krause.de,Generated
mail@winkler-logistik.de,,,Logistik Winkler GmbH,Geschäftsführer,Marketing,10-50,,www.winkler-logistik.de,Generated
kontakt@jung-garten.de,,,Jung Garten-Service GmbH,Geschäftsführer,Baugewerbe,30-150,,www.jung-garten.de,Generated
info@it-krueger.de,,,Ulmer IT UG,Geschäftsführer,Gastronomie,50-200,,www.it-krueger.de,Generated
info@heizung-berger.de,,,Berger Heizung UG,Geschäftsführer,Gesundheit,20-100,,www.heizung-berger.de,Generated
mail@neumann.de,,,Moerser Auto GmbH,Geschäftsführer,Logistik,20-100,,www.neumann.de,Generated
office@winkler.de,,,Service Winkler GmbH & Co. KG,Geschäftsführer,Handwerk,20-100,,www.winkler.de,Generated
mail@klein-it.de,,,Klein IT e.K.,Geschäftsführer,Großhandel,30-150,,www.klein-it.de,Generated
office@wagner.de,,,Wagner Solutions UG,Geschäftsführer,Maschinenbau,30-150,,www.wagner.de,Generated
info@weber-service.de,,,Service Weber KG,Geschäftsführer,Einzelhandel,30-150,,www.weber-service.de,Generated
mail@immobilien-hoffmann.de,,,Hoffmann Immobilien e.K.,Geschäftsführer,Marketing,30-150,,www.immobilien-hoffmann.de,Generated
mail@lange-service.de,,,Lange Service-Service e.K.,Geschäftsführer,Automotive,20-100,,www.lange-service.de,Generated
kontakt@it-hartmann.de,,,Hartmann IT-Service UG,Geschäftsführer,Immobilien,50-200,,www.it-hartmann.de,Generated
mail@digital-weber.de,,,Halleer Digital AG,Geschäftsführer,Logistik,10-50,,www.digital-weber.de,Generated
kontakt@mueller-service.de,,,Müller Service e.K.,Geschäftsführer,Energie,50-200,,www.mueller-service.de,Generated
mail@klein-holz.de,,,Klein Holz-Service AG,Geschäftsführer,Finanzdienstleistung,20-100,,www.klein-holz.de,Generated
info@schmidt.de,,,Münsterer Logistik GmbH,Geschäftsführer,Energie,10-50,,www.schmidt.de,Generated
office@consulting-jung.de,,,Jung Consulting-Service UG,Geschäftsführer,Gesundheit,20-100,,www.consulting-jung.de,Generated
mail@bau-winkler.de,,,Winkler Bau GmbH & Co. KG,Geschäftsführer,Immobilien,10-50,,www.bau-winkler.de,Generated
info@technik-werner.de,,,Werner Technik-Service e.K.,Geschäftsführer,Handwerk,20-100,,www.technik-werner.de,Generated
mail@braun-consulting.de,,,Consulting Braun KG,Geschäftsführer,Maschinenbau,20-100,,www.braun-consulting.de,Generated
kontakt@werner.de,,,Werner Metall-Service GmbH & Co. KG,Geschäftsführer,Gastronomie,20-100,,www.werner.de,Generated
kontakt@klein.de,,,Magdeburger Digital UG,Geschäftsführer,Großhandel,10-50,,www.klein.de,Generated
office@becker-digital.de,,,Becker & Partner e.K.,Geschäftsführer,Gastronomie,30-150,,www.becker-digital.de,Generated
office@digital-hermann.de,,,Wolfsburger Digital KG,Geschäftsführer,Handel,50-200,,www.digital-hermann.de,Generated
kontakt@consulting-schulz.de,,,Schulz & Partner GmbH & Co. KG,Geschäftsführer,Maschinenbau,10-50,,www.consulting-schulz.de,Generated
info@mueller-it.de,,,Müller & Partner GmbH,Geschäftsführer,Immobilien,50-200,,www.mueller-it.de,Generated
mail@wagner.de,,,Wagner Service GmbH,Geschäftsführer,Energie,30-150,,www.wagner.de,Generated
kontakt@werner-heizung.de,,,Werner & Partner UG,Geschäftsführer,Gastronomie,30-150,,www.werner-heizung.de,Generated
mail@berger.de,,,Berger Logistik e.K.,Geschäftsführer,Energie,50-200,,www.berger.de,Generated
kontakt@solutions-hartmann.de,,,Solutions Hartmann UG,Geschäftsführer,Handel,10-50,,www.solutions-hartmann.de,Generated
office@logistik-koenig.de,,,König & Partner UG,Geschäftsführer,Dienstleistung,30-150,,www.logistik-koenig.de,Generated
office@fischer.de,,,Fischer Systems-Service AG,Geschäftsführer,E-Commerce,20-100,,www.fischer.de,Generated
mail@technik-walter.de,,,Walter Technik GmbH,Geschäftsführer,Dienstleistung,10-50,,www.technik-walter.de,Generated
kontakt@roth-technik.de,,,Roth Technik GmbH,Geschäftsführer,Beratung,20-100,,www.roth-technik.de,Generated
info@digital-krause.de,,,Krause & Partner KG,Geschäftsführer,Handwerk,30-150,,www.digital-krause.de,Generated
mail@transport-lange.de,,,Transport Lange AG,Geschäftsführer,Maschinenbau,20-100,,www.transport-lange.de,Generated
info@solutions-hartmann.de,,,Hartmann Solutions GmbH,Geschäftsführer,Gesundheit,50-200,,www.solutions-hartmann.de,Generated
kontakt@garten-klein.de,,,Klein & Partner GmbH,Geschäftsführer,Energie,20-100,,www.garten-klein.de,Generated
info@schmidt-immobilien.de,,,Immobilien Schmidt e.K.,Geschäftsführer,Produktion,20-100,,www.schmidt-immobilien.de,Generated
mail@wagner-it.de,,,IT Wagner GmbH,Geschäftsführer,Großhandel,20-100,,www.wagner-it.de,Generated
info@hermann-bau.de,,,Bau Hermann AG,Geschäftsführer,Automotive,50-200,,www.hermann-bau.de,Generated
office@schmidt.de,,,Mannheimer Transport GmbH & Co. KG,Geschäftsführer,Produktion,50-200,,www.schmidt.de,Generated
kontakt@koenig.de,,,König Handel GmbH,Geschäftsführer,Marketing,30-150,,www.koenig.de,Generated
mail@transport-zimmermann.de,,,Essener Transport KG,Geschäftsführer,Baugewerbe,30-150,,www.transport-zimmermann.de,Generated
info@solar-neumann.de,,,Solar Neumann GmbH,Geschäftsführer,Gesundheit,50-200,,www.solar-neumann.de,Generated
info@weber.de,,,Weber & Partner GmbH & Co. KG,Geschäftsführer,Gesundheit,50-200,,www.weber.de,Generated
mail@schmidt.de,,,Schmidt Logistik UG,Geschäftsführer,Maschinenbau,10-50,,www.schmidt.de,Generated
kontakt@roth-heizung.de,,,Roth Heizung-Service GmbH & Co. KG,Geschäftsführer,Maschinenbau,10-50,,www.roth-heizung.de,Generated
info@peters.de,,,Peters Sanitär-Service UG,Geschäftsführer,Handwerk,20-100,,www.peters.de,Generated
mail@braun-immobilien.de,,,Immobilien Braun GmbH & Co. KG,Geschäftsführer,Handel,50-200,,www.braun-immobilien.de,Generated
info@hermann-heizung.de,,,Hermann & Partner GmbH,Geschäftsführer,Gesundheit,30-150,,www.hermann-heizung.de,Generated
info@roth-sanitär.de,,,Roth & Partner KG,Geschäftsführer,Dienstleistung,10-50,,www.roth-sanitär.de,Generated
mail@winkler-bau.de,,,Oldenburger Bau GmbH,Geschäftsführer,Marketing,10-50,,www.winkler-bau.de,Generated
mail@werner-elektro.de,,,Werner Elektro GmbH & Co. KG,Geschäftsführer,Gesundheit,20-100,,www.werner-elektro.de,Generated
kontakt@mueller.de,,,Müller & Partner UG,Geschäftsführer,Einzelhandel,30-150,,www.mueller.de,Generated
mail@hartmann-logistik.de,,,Hartmann Logistik GmbH & Co. KG,Geschäftsführer,Automotive,30-150,,www.hartmann-logistik.de,Generated
info@it-hartmann.de,,,IT Hartmann e.K.,Geschäftsführer,Energie,50-200,,www.it-hartmann.de,Generated
mail@schmidt-it.de,,,Schmidt IT-Service e.K.,Geschäftsführer,Großhandel,10-50,,www.schmidt-it.de,Generated
info@transport-neumann.de,,,Neumann & Partner GmbH & Co. KG,Geschäftsführer,Handel,50-200,,www.transport-neumann.de,Generated
office@werner.de,,,Werner & Partner KG,Geschäftsführer,Dienstleistung,30-150,,www.werner.de,Generated
office@mueller.de,,,Heizung Müller e.K.,Geschäftsführer,Logistik,10-50,,www.mueller.de,Generated
info@solar-walter.de,,,Walter Solar-Service GmbH & Co. KG,Geschäftsführer,Bildung,10-50,,www.solar-walter.de,Generated
office@fischer-immobilien.de,,,Fischer Immobilien-Service e.K.,Geschäftsführer,Beratung,20-100,,www.fischer-immobilien.de,Generated
office@jung-heizung.de,,,Jung & Partner AG,Geschäftsführer,IT-Dienstleistung,10-50,,www.jung-heizung.de,Generated
kontakt@hartmann-elektro.de,,,Elektro Hartmann AG,Geschäftsführer,Handel,10-50,,www.hartmann-elektro.de,Generated
mail@solutions-becker.de,,,Becker & Partner KG,Geschäftsführer,Beratung,50-200,,www.solutions-becker.de,Generated
mail@walter.de,,,Walter Service KG,Geschäftsführer,Beratung,30-150,,www.walter.de,Generated
mail@technik-peters.de,,,Peters Technik AG,Geschäftsführer,Immobilien,30-150,,www.technik-peters.de,Generated
mail@schmidt-transport.de,,,Schmidt Transport GmbH & Co. KG,Geschäftsführer,Handel,30-150,,www.schmidt-transport.de,Generated
mail@meyer-service.de,,,Heilbronner Service GmbH,Geschäftsführer,Immobilien,50-200,,www.meyer-service.de,Generated
kontakt@koehler-systems.de,,,Köhler Systems-Service e.K.,Geschäftsführer,Dienstleistung,50-200,,www.koehler-systems.de,Generated
kontakt@mueller.de,,,Jenaer Transport e.K.,Geschäftsführer,Immobilien,20-100,,www.mueller.de,Generated
kontakt@walter.de,,,Technik Walter e.K.,Geschäftsführer,Gesundheit,30-150,,www.walter.de,Generated
mail@koehler-bau.de,,,Köhler Bau GmbH,Geschäftsführer,Baugewerbe,20-100,,www.koehler-bau.de,Generated
office@immobilien-vogel.de,,,Vogel Immobilien KG,Geschäftsführer,Finanzdienstleistung,20-100,,www.immobilien-vogel.de,Generated
info@transport-winkler.de,,,Dresdener Transport e.K.,Geschäftsführer,E-Commerce,20-100,,www.transport-winkler.de,Generated
info@hoffmann-bau.de,,,Hoffmann & Partner KG,Geschäftsführer,Maschinenbau,50-200,,www.hoffmann-bau.de,Generated
mail@peters.de,,,Aachener Consulting GmbH & Co. KG,Geschäftsführer,Einzelhandel,10-50,,www.peters.de,Generated
kontakt@zimmermann.de,,,Darmstadter Service AG,Geschäftsführer,Handel,10-50,,www.zimmermann.de,Generated
kontakt@koehler-logistik.de,,,Köhler Logistik-Service KG,Geschäftsführer,Energie,10-50,,www.koehler-logistik.de,Generated
kontakt@moeller.de,,,Heilbronner Garten GmbH & Co. KG,Geschäftsführer,Dienstleistung,50-200,,www.moeller.de,Generated
info@mueller.de,,,Müller Sanitär UG,Geschäftsführer,Einzelhandel,20-100,,www.mueller.de,Generated
mail@klein-technik.de,,,Regensburger Technik GmbH,Geschäftsführer,Gesundheit,10-50,,www.klein-technik.de,Generated
office@neumann.de,,,Neumann Metall UG,Geschäftsführer,Dienstleistung,20-100,,www.neumann.de,Generated
office@becker.de,,,Solar Becker GmbH & Co. KG,Geschäftsführer,E-Commerce,30-150,,www.becker.de,Generated
mail@krause.de,,,Krause Solar-Service AG,Geschäftsführer,Immobilien,10-50,,www.krause.de,Generated
office@elektro-walter.de,,,Walter & Partner KG,Geschäftsführer,Baugewerbe,50-200,,www.elektro-walter.de,Generated
kontakt@walter.de,,,Garten Walter AG,Geschäftsführer,Maschinenbau,30-150,,www.walter.de,Generated
mail@moeller.de,,,Möller IT-Service GmbH,Geschäftsführer,Energie,50-200,,www.moeller.de,Generated
mail@immobilien-peters.de,,,Herneer Immobilien UG,Geschäftsführer,Automotive,50-200,,www.immobilien-peters.de,Generated
kontakt@peters-holz.de,,,Peters Holz-Service AG,Geschäftsführer,Produktion,50-200,,www.peters-holz.de,Generated
info@technik-vogel.de,,,Technik Vogel UG,Geschäftsführer,Marketing,20-100,,www.technik-vogel.de,Generated
kontakt@logistik-walter.de,,,Logistik Walter UG,Geschäftsführer,Handwerk,50-200,,www.logistik-walter.de,Generated
kontakt@krause-metall.de,,,Münchener Metall GmbH & Co. KG,Geschäftsführer,Handwerk,20-100,,www.krause-metall.de,Generated
office@sanitär-wolf.de,,,Wolf Sanitär-Service e.K.,Geschäftsführer,Immobilien,10-50,,www.sanitär-wolf.de,Generated
kontakt@systems-vogel.de,,,Regensburger Systems e.K.,Geschäftsführer,Einzelhandel,50-200,,www.systems-vogel.de,Generated
kontakt@walter.de,,,Walter IT AG,Geschäftsführer,Handel,30-150,,www.walter.de,Generated
kontakt@hartmann.de,,,Hartmann Heizung-Service e.K.,Geschäftsführer,Immobilien,30-150,,www.hartmann.de,Generated
kontakt@lange-solar.de,,,Lange Solar KG,Geschäftsführer,Gesundheit,50-200,,www.lange-solar.de,Generated
kontakt@holz-weber.de,,,Weber Holz GmbH,Geschäftsführer,Gastronomie,30-150,,www.holz-weber.de,Generated
kontakt@logistik-neumann.de,,,Logistik Neumann GmbH & Co. KG,Geschäftsführer,IT-Dienstleistung,10-50,,www.logistik-neumann.de,Generated
mail@systems-hartmann.de,,,Systems Hartmann UG,Geschäftsführer,Produktion,20-100,,www.systems-hartmann.de,Generated
kontakt@sanitär-lange.de,,,Lange Sanitär-Service e.K.,Geschäftsführer,IT-Dienstleistung,30-150,,www.sanitär-lange.de,Generated
mail@vogel-heizung.de,,,Vogel Heizung-Service UG,Geschäftsführer,Finanzdienstleistung,50-200,,www.vogel-heizung.de,Generated
office@hartmann.de,,,Hartmann Digital KG,Geschäftsführer,Baugewerbe,10-50,,www.hartmann.de,Generated
info@hartmann.de,,,Heizung Hartmann UG,Geschäftsführer,Logistik,50-200,,www.hartmann.de,Generated
kontakt@technik-braun.de,,,Braun & Partner AG,Geschäftsführer,Einzelhandel,50-200,,www.technik-braun.de,Generated
kontakt@braun-solutions.de,,,Braun Solutions AG,Geschäftsführer,Produktion,10-50,,www.braun-solutions.de,Generated
info@hermann-service.de,,,Herneer Service AG,Geschäftsführer,Bildung,50-200,,www.hermann-service.de,Generated
office@wolf.de,,,Wolf & Partner KG,Geschäftsführer,Marketing,20-100,,www.wolf.de,Generated
office@metall-wolf.de,,,Wolf & Partner GmbH,Geschäftsführer,Handel,20-100,,www.metall-wolf.de,Generated
info@roth.de,,,Roth Transport-Service GmbH,Geschäftsführer,Baugewerbe,30-150,,www.roth.de,Generated
kontakt@schmidt.de,,,Schmidt Digital-Service GmbH & Co. KG,Geschäftsführer,Marketing,30-150,,www.schmidt.de,Generated
office@vogel.de,,,Systems Vogel UG,Geschäftsführer,Dienstleistung,10-50,,www.vogel.de,Generated
kontakt@klein-service.de,,,Osnabrücker Service UG,Geschäftsführer,Gesundheit,30-150,,www.klein-service.de,Generated
info@schulz.de,,,Schulz & Partner KG,Geschäftsführer,Gastronomie,10-50,,www.schulz.de,Generated
mail@logistik-zimmermann.de,,,Zimmermann Logistik UG,Geschäftsführer,Energie,50-200,,www.logistik-zimmermann.de,Generated
mail@fischer.de,,,Fischer Handel GmbH & Co. KG,Geschäftsführer,Produktion,50-200,,www.fischer.de,Generated
kontakt@meyer.de,,,Consulting Meyer GmbH & Co. KG,Geschäftsführer,Logistik,10-50,,www.meyer.de,Generated
mail@jung.de,,,Jung Immobilien-Service KG,Geschäftsführer,Handwerk,30-150,,www.jung.de,Generated
office@neumann.de,,,Neumann Systems-Service GmbH,Geschäftsführer,Gastronomie,30-150,,www.neumann.de,Generated
office@meyer.de,,,Meyer & Partner KG,Geschäftsführer,Immobilien,50-200,,www.meyer.de,Generated
kontakt@jung.de,,,Jung Technik UG,Geschäftsführer,Produktion,20-100,,www.jung.de,Generated
office@neumann-holz.de,,,Holz Neumann AG,Geschäftsführer,Finanzdienstleistung,50-200,,www.neumann-holz.de,Generated
info@klein.de,,,Klein Technik AG,Geschäftsführer,IT-Dienstleistung,50-200,,www.klein.de,Generated
kontakt@solutions-koehler.de,,,Erlangener Solutions AG,Geschäftsführer,Handel,10-50,,www.solutions-koehler.de,Generated
info@service-lange.de,,,Service Lange AG,Geschäftsführer,Beratung,50-200,,www.service-lange.de,Generated
kontakt@systems-klein.de,,,Klein Systems-Service e.K.,Geschäftsführer,Beratung,30-150,,www.systems-klein.de,Generated
mail@it-schmidt.de,,,Schmidt & Partner KG,Geschäftsführer,Bildung,10-50,,www.it-schmidt.de,Generated
office@meyer-handel.de,,,Meyer & Partner AG,Geschäftsführer,Marketing,50-200,,www.meyer-handel.de,Generated
office@jung-technik.de,,,Jung & Partner GmbH & Co. KG,Geschäftsführer,Gesundheit,10-50,,www.jung-technik.de,Generated
mail@moeller-heizung.de,,,Möller Heizung-Service KG,Geschäftsführer,Einzelhandel,10-50,,www.moeller-heizung.de,Generated
kontakt@logistik-krueger.de,,,Krüger Logistik-Service UG,Geschäftsführer,Großhandel,20-100,,www.logistik-krueger.de,Generated
info@technik-schmidt.de,,,Schmidt & Partner GmbH,Geschäftsführer,Energie,20-100,,www.technik-schmidt.de,Generated
info@immobilien-wolf.de,,,Wolf Immobilien-Service UG,Geschäftsführer,E-Commerce,20-100,,www.immobilien-wolf.de,Generated
kontakt@jung.de,,,Mannheimer Metall GmbH & Co. KG,Geschäftsführer,Automotive,10-50,,www.jung.de,Generated
info@walter-metall.de,,,Walter Metall AG,Geschäftsführer,Großhandel,30-150,,www.walter-metall.de,Generated
office@neumann-immobilien.de,,,Münchener Immobilien GmbH & Co. KG,Geschäftsführer,Handwerk,30-150,,www.neumann-immobilien.de,Generated
office@hartmann-consulting.de,,,Hartmann Consulting KG,Geschäftsführer,Handwerk,20-100,,www.hartmann-consulting.de,Generated
mail@sanitär-hoffmann.de,,,Hoffmann Sanitär-Service UG,Geschäftsführer,Automotive,10-50,,www.sanitär-hoffmann.de,Generated
office@zimmermann.de,,,Zimmermann Garten-Service AG,Geschäftsführer,Maschinenbau,50-200,,www.zimmermann.de,Generated
office@auto-werner.de,,,Werner Auto-Service GmbH,Geschäftsführer,Großhandel,20-100,,www.auto-werner.de,Generated
kontakt@roth.de,,,Roth Solutions GmbH,Geschäftsführer,Maschinenbau,30-150,,www.roth.de,Generated
office@jung-elektro.de,,,Elektro Jung GmbH & Co. KG,Geschäftsführer,Großhandel,30-150,,www.jung-elektro.de,Generated
info@hermann-holz.de,,,Hermann Holz UG,Geschäftsführer,Marketing,50-200,,www.hermann-holz.de,Generated
mail@hoffmann.de,,,Hoffmann & Partner e.K.,Geschäftsführer,Bildung,10-50,,www.hoffmann.de,Generated
office@auto-berger.de,,,Berger Auto e.K.,Geschäftsführer,Großhandel,30-150,,www.auto-berger.de,Generated
office@koenig-systems.de,,,König Systems-Service e.K.,Geschäftsführer,Handwerk,30-150,,www.koenig-systems.de,Generated
office@lange-it.de,,,Lange IT-Service GmbH,Geschäftsführer,Automotive,50-200,,www.lange-it.de,Generated
info@roth.de,,,Roth Heizung KG,Geschäftsführer,Gastronomie,50-200,,www.roth.de,Generated
office@hermann.de,,,Hermann Auto AG,Geschäftsführer,Bildung,20-100,,www.hermann.de,Generated
info@bau-weber.de,,,Duisburger Bau UG,Geschäftsführer,Handwerk,20-100,,www.bau-weber.de,Generated
kontakt@immobilien-wagner.de,,,Wagner & Partner GmbH & Co. KG,Geschäftsführer,E-Commerce,30-150,,www.immobilien-wagner.de,Generated
info@walter.de,,,Walter Systems GmbH,Geschäftsführer,Automotive,50-200,,www.walter.de,Generated
kontakt@braun-garten.de,,,Garten Braun GmbH & Co. KG,Geschäftsführer,Handwerk,30-150,,www.braun-garten.de,Generated
info@it-braun.de,,,Braun & Partner GmbH,Geschäftsführer,Immobilien,30-150,,www.it-braun.de,Generated
office@technik-krueger.de,,,Krüger Technik-Service AG,Geschäftsführer,Finanzdienstleistung,50-200,,www.technik-krueger.de,Generated
mail@handel-lange.de,,,Lange Handel KG,Geschäftsführer,Energie,10-50,,www.handel-lange.de,Generated
office@berger.de,,,Berger & Partner AG,Geschäftsführer,Beratung,30-150,,www.berger.de,Generated
info@consulting-becker.de,,,Becker Consulting UG,Geschäftsführer,Großhandel,50-200,,www.consulting-becker.de,Generated
kontakt@jung.de,,,Jung Service GmbH,Geschäftsführer,Logistik,30-150,,www.jung.de,Generated
mail@solutions-fischer.de,,,Fischer Solutions-Service UG,Geschäftsführer,Einzelhandel,10-50,,www.solutions-fischer.de,Generated
office@immobilien-mueller.de,,,Müller Immobilien UG,Geschäftsführer,Maschinenbau,50-200,,www.immobilien-mueller.de,Generated
office@neumann-systems.de,,,Berliner Systems e.K.,Geschäftsführer,IT-Dienstleistung,10-50,,www.neumann-systems.de,Generated
office@neumann-solar.de,,,Neumann Solar GmbH & Co. KG,Geschäftsführer,Gastronomie,30-150,,www.neumann-solar.de,Generated
info@klein-systems.de,,,Klein & Partner UG,Geschäftsführer,Gastronomie,10-50,,www.klein-systems.de,Generated
kontakt@schmidt-heizung.de,,,Schmidt Heizung-Service e.K.,Geschäftsführer,Bildung,30-150,,www.schmidt-heizung.de,Generated
kontakt@hermann-it.de,,,IT Hermann GmbH & Co. KG,Geschäftsführer,Maschinenbau,20-100,,www.hermann-it.de,Generated
info@it-koenig.de,,,König & Partner e.K.,Geschäftsführer,Einzelhandel,50-200,,www.it-koenig.de,Generated
mail@mueller.de,,,Müller & Partner AG,Geschäftsführer,Baugewerbe,30-150,,www.mueller.de,Generated
office@koenig-elektro.de,,,Leverkusener Elektro UG,Geschäftsführer,Beratung,50-200,,www.koenig-elektro.de,Generated
office@transport-vogel.de,,,Vogel & Partner GmbH & Co. KG,Geschäftsführer,Handwerk,20-100,,www.transport-vogel.de,Generated
info@technik-lange.de,,,Lange Technik GmbH,Geschäftsführer,Handwerk,50-200,,www.technik-lange.de,Generated
info@walter-consulting.de,,,Freiburger Consulting UG,Geschäftsführer,Dienstleistung,20-100,,www.walter-consulting.de,Generated
office@solar-klein.de,,,Klein & Partner e.K.,Geschäftsführer,Produktion,20-100,,www.solar-klein.de,Generated
kontakt@hoffmann-heizung.de,,,Hoffmann Heizung-Service KG,Geschäftsführer,Immobilien,30-150,,www.hoffmann-heizung.de,Generated
mail@handel-koehler.de,,,Handel Köhler AG,Geschäftsführer,Dienstleistung,30-150,,www.handel-koehler.de,Generated
office@koehler.de,,,Köhler & Partner GmbH,Geschäftsführer,Beratung,30-150,,www.koehler.de,Generated
office@auto-werner.de,,,Auto Werner GmbH & Co. KG,Geschäftsführer,Energie,20-100,,www.auto-werner.de,Generated
info@peters.de,,,Peters Logistik UG,Geschäftsführer,E-Commerce,10-50,,www.peters.de,Generated
mail@peters.de,,,Wuppertaler Service KG,Geschäftsführer,Beratung,20-100,,www.peters.de,Generated
kontakt@zimmermann.de,,,Zimmermann & Partner UG,Geschäftsführer,Großhandel,20-100,,www.zimmermann.de,Generated
kontakt@zimmermann-systems.de,,,Zimmermann Systems UG,Geschäftsführer,Dienstleistung,10-50,,www.zimmermann-systems.de,Generated
info@mueller-logistik.de,,,Hamburger Logistik GmbH & Co. KG,Geschäftsführer,IT-Dienstleistung,50-200,,www.mueller-logistik.de,Generated
office@peters-metall.de,,,Peters Metall e.K.,Geschäftsführer,Dienstleistung,10-50,,www.peters-metall.de,Generated
kontakt@handel-schmidt.de,,,Schmidt & Partner UG,Geschäftsführer,Energie,30-150,,www.handel-schmidt.de,Generated
info@koehler.de,,,Köhler Sanitär-Service GmbH,Geschäftsführer,Handwerk,50-200,,www.koehler.de,Generated
info@winkler-transport.de,,,Winkler & Partner KG,Geschäftsführer,Maschinenbau,30-150,,www.winkler-transport.de,Generated
office@neumann.de,,,Oldenburger Auto GmbH & Co. KG,Geschäftsführer,E-Commerce,10-50,,www.neumann.de,Generated
mail@neumann.de,,,Neumann Immobilien-Service AG,Geschäftsführer,Automotive,10-50,,www.neumann.de,Generated
info@fischer-holz.de,,,Fischer Holz-Service KG,Geschäftsführer,Gastronomie,10-50,,www.fischer-holz.de,Generated
kontakt@hoffmann.de,,,Consulting Hoffmann GmbH & Co. KG,Geschäftsführer,Baugewerbe,30-150,,www.hoffmann.de,Generated
mail@lange.de,,,Lange Bau-Service KG,Geschäftsführer,IT-Dienstleistung,20-100,,www.lange.de,Generated
mail@hartmann.de,,,Handel Hartmann GmbH & Co. KG,Geschäftsführer,Gesundheit,50-200,,www.hartmann.de,Generated
info@bau-moeller.de,,,Bau Möller AG,Geschäftsführer,Großhandel,30-150,,www.bau-moeller.de,Generated
office@braun-consulting.de,,,Braun & Partner KG,Geschäftsführer,Produktion,10-50,,www.braun-consulting.de,Generated
kontakt@vogel.de,,,Vogel & Partner UG,Geschäftsführer,Beratung,50-200,,www.vogel.de,Generated
mail@it-berger.de,,,Berger IT-Service AG,Geschäftsführer,Logistik,50-200,,www.it-berger.de,Generated
mail@holz-braun.de,,,Braun Holz-Service UG,Geschäftsführer,Gesundheit,10-50,,www.holz-braun.de,Generated
kontakt@braun-it.de,,,Braun IT GmbH & Co. KG,Geschäftsführer,Finanzdienstleistung,30-150,,www.braun-it.de,Generated
office@solutions-schulz.de,,,Schulz Solutions e.K.,Geschäftsführer,Logistik,10-50,,www.solutions-schulz.de,Generated
kontakt@jung-systems.de,,,Jung Systems GmbH,Geschäftsführer,Automotive,10-50,,www.jung-systems.de,Generated
office@vogel.de,,,Potsdamer Immobilien GmbH & Co. KG,Geschäftsführer,Immobilien,30-150,,www.vogel.de,Generated
mail@peters-immobilien.de,,,Peters Immobilien GmbH & Co. KG,Geschäftsführer,E-Commerce,50-200,,www.peters-immobilien.de,Generated
info@winkler.de,,,Winkler Systems GmbH,Geschäftsführer,Finanzdienstleistung,10-50,,www.winkler.de,Generated
office@zimmermann.de,,,Zimmermann & Partner GmbH,Geschäftsführer,Finanzdienstleistung,30-150,,www.zimmermann.de,Generated
office@berger-service.de,,,Berger Service-Service GmbH & Co. KG,Geschäftsführer,Dienstleistung,20-100,,www.berger-service.de,Generated
kontakt@logistik-peters.de,,,Braunschweiger Logistik GmbH,Geschäftsführer,Finanzdienstleistung,50-200,,www.logistik-peters.de,Generated
office@meyer.de,,,Meyer Heizung-Service GmbH & Co. KG,Geschäftsführer,Baugewerbe,10-50,,www.meyer.de,Generated
office@metall-klein.de,,,Klein Metall-Service UG,Geschäftsführer,Logistik,50-200,,www.metall-klein.de,Generated
mail@auto-roth.de,,,Roth & Partner GmbH,Geschäftsführer,Finanzdienstleistung,10-50,,www.auto-roth.de,Generated
mail@metall-weber.de,,,Weber Metall-Service GmbH & Co. KG,Geschäftsführer,Beratung,20-100,,www.metall-weber.de,Generated
mail@systems-koenig.de,,,König Systems-Service AG,Geschäftsführer,Gastronomie,20-100,,www.systems-koenig.de,Generated
info@holz-klein.de,,,Klein Holz AG,Geschäftsführer,Großhandel,20-100,,www.holz-klein.de,Generated
kontakt@krause-digital.de,,,Krause Digital-Service KG,Geschäftsführer,Einzelhandel,10-50,,www.krause-digital.de,Generated
kontakt@technik-krueger.de,,,Technik Krüger KG,Geschäftsführer,Bildung,20-100,,www.technik-krueger.de,Generated
info@wagner-bau.de,,,Bau Wagner AG,Geschäftsführer,Beratung,20-100,,www.wagner-bau.de,Generated
kontakt@sanitär-walter.de,,,Walter Sanitär e.K.,Geschäftsführer,Dienstleistung,50-200,,www.sanitär-walter.de,Generated
info@berger-elektro.de,,,Berger Elektro-Service UG,Geschäftsführer,E-Commerce,20-100,,www.berger-elektro.de,Generated
office@berger.de,,,Berger Solutions-Service GmbH,Geschäftsführer,E-Commerce,20-100,,www.berger.de,Generated
info@metall-roth.de,,,Roth Metall e.K.,Geschäftsführer,Logistik,30-150,,www.metall-roth.de,Generated
kontakt@garten-moeller.de,,,Garten Möller e.K.,Geschäftsführer,Gastronomie,30-150,,www.garten-moeller.de,Generated
mail@winkler.de,,,Holz Winkler UG,Geschäftsführer,Maschinenbau,30-150,,www.winkler.de,Generated
office@koehler-technik.de,,,Köhler Technik KG,Geschäftsführer,Marketing,10-50,,www.koehler-technik.de,Generated
office@neumann-bau.de,,,Bau Neumann KG,Geschäftsführer,Maschinenbau,50-200,,www.neumann-bau.de,Generated
info@technik-mueller.de,,,Technik Müller KG,Geschäftsführer,Beratung,50-200,,www.technik-mueller.de,Generated
mail@roth.de,,,Berliner Transport KG,Geschäftsführer,Energie,20-100,,www.roth.de,Generated
mail@schulz-technik.de,,,Schulz Technik UG,Geschäftsführer,Baugewerbe,10-50,,www.schulz-technik.de,Generated
info@peters.de,,,Peters & Partner AG,Geschäftsführer,IT-Dienstleistung,50-200,,www.peters.de,Generated
info@roth-systems.de,,,Roth & Partner e.K.,Geschäftsführer,Bildung,50-200,,www.roth-systems.de,Generated
info@digital-koehler.de,,,Köhler Digital GmbH,Geschäftsführer,Einzelhandel,20-100,,www.digital-koehler.de,Generated
kontakt@elektro-klein.de,,,Klein Elektro-Service AG,Geschäftsführer,IT-Dienstleistung,50-200,,www.elektro-klein.de,Generated
info@hermann-holz.de,,,Hermann Holz-Service KG,Geschäftsführer,Finanzdienstleistung,20-100,,www.hermann-holz.de,Generated
info@service-neumann.de,,,Neumann Service-Service AG,Geschäftsführer,Gastronomie,20-100,,www.service-neumann.de,Generated
mail@jung.de,,,Jung Heizung GmbH & Co. KG,Geschäftsführer,Produktion,10-50,,www.jung.de,Generated
kontakt@roth-auto.de,,,Ingolstadter Auto e.K.,Geschäftsführer,Beratung,30-150,,www.roth-auto.de,Generated
mail@elektro-peters.de,,,Peters Elektro-Service KG,Geschäftsführer,Einzelhandel,50-200,,www.elektro-peters.de,Generated
kontakt@werner.de,,,Werner Immobilien UG,Geschäftsführer,Marketing,30-150,,www.werner.de,Generated
mail@hartmann-digital.de,,,Digital Hartmann e.K.,Geschäftsführer,Großhandel,50-200,,www.hartmann-digital.de,Generated
kontakt@wolf-handel.de,,,Wolf Handel-Service UG,Geschäftsführer,Einzelhandel,50-200,,www.wolf-handel.de,Generated
office@solutions-koehler.de,,,Köhler Solutions-Service AG,Geschäftsführer,Gastronomie,50-200,,www.solutions-koehler.de,Generated
office@systems-koenig.de,,,Bielefelder Systems UG,Geschäftsführer,Dienstleistung,10-50,,www.systems-koenig.de,Generated
office@hartmann.de,,,Ulmer Garten GmbH,Geschäftsführer,Finanzdienstleistung,50-200,,www.hartmann.de,Generated
office@wagner-it.de,,,Wagner IT-Service AG,Geschäftsführer,Handel,50-200,,www.wagner-it.de,Generated
kontakt@fischer.de,,,Fischer Solutions AG,Geschäftsführer,Bildung,20-100,,www.fischer.de,Generated
kontakt@systems-fischer.de,,,Systems Fischer GmbH & Co. KG,Geschäftsführer,Baugewerbe,20-100,,www.systems-fischer.de,Generated
mail@krause.de,,,Krause Technik-Service AG,Geschäftsführer,Handel,20-100,,www.krause.de,Generated
mail@berger.de,,,Berger & Partner GmbH & Co. KG,Geschäftsführer,Logistik,50-200,,www.berger.de,Generated
kontakt@lange-metall.de,,,Bottroper Metall e.K.,Geschäftsführer,Gesundheit,10-50,,www.lange-metall.de,Generated
kontakt@systems-hoffmann.de,,,Hoffmann Systems-Service KG,Geschäftsführer,Gastronomie,30-150,,www.systems-hoffmann.de,Generated
info@it-wagner.de,,,Wagner IT-Service UG,Geschäftsführer,Bildung,20-100,,www.it-wagner.de,Generated
info@winkler.de,,,Transport Winkler UG,Geschäftsführer,Immobilien,10-50,,www.winkler.de,Generated
info@klein.de,,,Klein Bau-Service GmbH & Co. KG,Geschäftsführer,Bildung,20-100,,www.klein.de,Generated
office@werner.de,,,Werner & Partner GmbH,Geschäftsführer,IT-Dienstleistung,30-150,,www.werner.de,Generated
mail@hoffmann-elektro.de,,,Hoffmann Elektro-Service GmbH,Geschäftsführer,Marketing,30-150,,www.hoffmann-elektro.de,Generated
mail@becker.de,,,Becker Solutions-Service UG,Geschäftsführer,Gastronomie,10-50,,www.becker.de,Generated
office@hermann.de,,,Ingolstadter Solutions GmbH,Geschäftsführer,Logistik,20-100,,www.hermann.de,Generated
info@elektro-hermann.de,,,Hermann Elektro GmbH & Co. KG,Geschäftsführer,Logistik,50-200,,www.elektro-hermann.de,Generated
info@moeller.de,,,Möller Garten e.K.,Geschäftsführer,Gastronomie,10-50,,www.moeller.de,Generated
kontakt@weber-holz.de,,,Wolfsburger Holz AG,Geschäftsführer,Baugewerbe,10-50,,www.weber-holz.de,Generated
office@handel-mueller.de,,,Wolfsburger Handel AG,Geschäftsführer,Baugewerbe,30-150,,www.handel-mueller.de,Generated
info@schulz.de,,,Schulz Handel-Service GmbH & Co. KG,Geschäftsführer,Einzelhandel,50-200,,www.schulz.de,Generated
info@peters.de,,,Peters Consulting-Service UG,Geschäftsführer,Beratung,10-50,,www.peters.de,Generated
info@klein.de,,,Klein Systems e.K.,Geschäftsführer,Logistik,50-200,,www.klein.de,Generated
mail@logistik-hermann.de,,,Remscheider Logistik GmbH & Co. KG,Geschäftsführer,Gastronomie,10-50,,www.logistik-hermann.de,Generated
kontakt@werner-bau.de,,,Werner Bau-Service UG,Geschäftsführer,Baugewerbe,10-50,,www.werner-bau.de,Generated
office@fischer.de,,,Fischer Sanitär-Service GmbH,Geschäftsführer,Handel,20-100,,www.fischer.de,Generated
office@holz-vogel.de,,,Duisburger Holz GmbH & Co. KG,Geschäftsführer,Gesundheit,50-200,,www.holz-vogel.de,Generated
kontakt@mueller-holz.de,,,Holz Müller KG,Geschäftsführer,Handel,10-50,,www.mueller-holz.de,Generated
kontakt@solar-berger.de,,,Saarbrückener Solar GmbH,Geschäftsführer,E-Commerce,50-200,,www.solar-berger.de,Generated
kontakt@berger.de,,,Potsdamer Bau e.K.,Geschäftsführer,Maschinenbau,30-150,,www.berger.de,Generated
info@becker-solar.de,,,Becker Solar-Service e.K.,Geschäftsführer,Bildung,10-50,,www.becker-solar.de,Generated
office@jung-metall.de,,,Jung Metall AG,Geschäftsführer,Finanzdienstleistung,30-150,,www.jung-metall.de,Generated
office@hoffmann-heizung.de,,,Hoffmann & Partner UG,Geschäftsführer,Großhandel,10-50,,www.hoffmann-heizung.de,Generated
kontakt@becker-sanitär.de,,,Sanitär Becker KG,Geschäftsführer,Baugewerbe,30-150,,www.becker-sanitär.de,Generated
kontakt@schmidt-solar.de,,,Erfurter Solar GmbH,Geschäftsführer,Handwerk,50-200,,www.schmidt-solar.de,Generated
kontakt@krause-holz.de,,,Krause Holz e.K.,Geschäftsführer,Einzelhandel,10-50,,www.krause-holz.de,Generated
kontakt@wagner.de,,,Wagner Transport e.K.,Geschäftsführer,IT-Dienstleistung,20-100,,www.wagner.de,Generated
office@holz-fischer.de,,,Fischer Holz GmbH,Geschäftsführer,Handwerk,50-200,,www.holz-fischer.de,Generated
kontakt@elektro-fischer.de,,,Fischer Elektro-Service UG,Geschäftsführer,IT-Dienstleistung,20-100,,www.elektro-fischer.de,Generated
info@koehler-solar.de,,,Solar Köhler UG,Geschäftsführer,Automotive,10-50,,www.koehler-solar.de,Generated
mail@garten-zimmermann.de,,,Garten Zimmermann GmbH,Geschäftsführer,Produktion,10-50,,www.garten-zimmermann.de,Generated
office@fischer-technik.de,,,Fischer Technik-Service GmbH,Geschäftsführer,Handel,10-50,,www.fischer-technik.de,Generated
mail@koenig.de,,,König & Partner AG,Geschäftsführer,Energie,10-50,,www.koenig.de,Generated
kontakt@fischer-immobilien.de,,,Freiburger Immobilien UG,Geschäftsführer,E-Commerce,10-50,,www.fischer-immobilien.de,Generated
mail@berger.de,,,Holz Berger GmbH,Geschäftsführer,Energie,50-200,,www.berger.de,Generated
mail@heizung-jung.de,,,Jung & Partner GmbH,Geschäftsführer,Handwerk,30-150,,www.heizung-jung.de,Generated
info@consulting-schulz.de,,,Consulting Schulz KG,Geschäftsführer,Maschinenbau,10-50,,www.consulting-schulz.de,Generated
office@it-weber.de,,,IT Weber GmbH & Co. KG,Geschäftsführer,Beratung,20-100,,www.it-weber.de,Generated
info@vogel.de,,,Heilbronner IT UG,Geschäftsführer,Finanzdienstleistung,30-150,,www.vogel.de,Generated
kontakt@werner.de,,,Werner Technik GmbH,Geschäftsführer,Gesundheit,10-50,,www.werner.de,Generated
info@jung.de,,,Darmstadter Transport GmbH & Co. KG,Geschäftsführer,Maschinenbau,30-150,,www.jung.de,Generated
kontakt@mueller.de,,,Essener Technik AG,Geschäftsführer,Gastronomie,20-100,,www.mueller.de,Generated
mail@braun-holz.de,,,Braun Holz KG,Geschäftsführer,Beratung,10-50,,www.braun-holz.de,Generated
info@braun-systems.de,,,Braun Systems AG,Geschäftsführer,Einzelhandel,10-50,,www.braun-systems.de,Generated
kontakt@vogel-systems.de,,,Vogel Systems e.K.,Geschäftsführer,Gesundheit,10-50,,www.vogel-systems.de,Generated
mail@immobilien-fischer.de,,,Fischer Immobilien-Service AG,Geschäftsführer,Marketing,50-200,,www.immobilien-fischer.de,Generated
office@zimmermann.de,,,Metall Zimmermann GmbH,Geschäftsführer,Maschinenbau,10-50,,www.zimmermann.de,Generated
info@logistik-peters.de,,,Peters Logistik KG,Geschäftsführer,Produktion,10-50,,www.logistik-peters.de,Generated
mail@hartmann-transport.de,,,Recklinghausener Transport UG,Geschäftsführer,Dienstleistung,20-100,,www.hartmann-transport.de,Generated
kontakt@wolf-elektro.de,,,Elektro Wolf KG,Geschäftsführer,E-Commerce,10-50,,www.wolf-elektro.de,Generated
kontakt@meyer-sanitär.de,,,Meyer Sanitär-Service UG,Geschäftsführer,IT-Dienstleistung,50-200,,www.meyer-sanitär.de,Generated
mail@service-krueger.de,,,Krüger & Partner UG,Geschäftsführer,Energie,30-150,,www.service-krueger.de,Generated
mail@wagner-metall.de,,,Wagner Metall GmbH & Co. KG,Geschäftsführer,E-Commerce,20-100,,www.wagner-metall.de,Generated
kontakt@bau-neumann.de,,,Bau Neumann AG,Geschäftsführer,Dienstleistung,50-200,,www.bau-neumann.de,Generated
info@lange-it.de,,,Lange IT GmbH,Geschäftsführer,Logistik,20-100,,www.lange-it.de,Generated
mail@it-mueller.de,,,Freiburger IT KG,Geschäftsführer,Bildung,30-150,,www.it-mueller.de,Generated
info@weber-transport.de,,,Erlangener Transport GmbH,Geschäftsführer,Maschinenbau,20-100,,www.weber-transport.de,Generated
info@mueller.de,,,Digital Müller KG,Geschäftsführer,Logistik,10-50,,www.mueller.de,Generated
office@mueller.de,,,Wolfsburger Digital GmbH,Geschäftsführer,Logistik,30-150,,www.mueller.de,Generated
kontakt@service-lange.de,,,Service Lange GmbH & Co. KG,Geschäftsführer,Großhandel,10-50,,www.service-lange.de,Generated
office@digital-berger.de,,,Digital Berger AG,Geschäftsführer,Logistik,30-150,,www.digital-berger.de,Generated
info@becker-holz.de,,,Becker Holz-Service AG,Geschäftsführer,Großhandel,20-100,,www.becker-holz.de,Generated
office@krause-handel.de,,,Handel Krause GmbH,Geschäftsführer,Großhandel,50-200,,www.krause-handel.de,Generated
kontakt@schulz.de,,,Schulz Handel-Service GmbH,Geschäftsführer,Marketing,10-50,,www.schulz.de,Generated
kontakt@meyer-solutions.de,,,Meyer Solutions AG,Geschäftsführer,Gesundheit,20-100,,www.meyer-solutions.de,Generated
office@neumann.de,,,Trierer Metall AG,Geschäftsführer,Bildung,10-50,,www.neumann.de,Generated
mail@klein.de,,,Klein Immobilien-Service AG,Geschäftsführer,Maschinenbau,30-150,,www.klein.de,Generated
office@auto-walter.de,,,Oberhausener Auto GmbH,Geschäftsführer,IT-Dienstleistung,50-200,,www.auto-walter.de,Generated
mail@sanitär-hoffmann.de,,,Hoffmann Sanitär KG,Geschäftsführer,Handwerk,10-50,,www.sanitär-hoffmann.de,Generated
info@braun-solutions.de,,,Halleer Solutions GmbH,Geschäftsführer,Handwerk,20-100,,www.braun-solutions.de,Generated
office@krause.de,,,Düsseldorfer IT UG,Geschäftsführer,Beratung,30-150,,www.krause.de,Generated
kontakt@logistik-fischer.de,,,Logistik Fischer e.K.,Geschäftsführer,Immobilien,20-100,,www.logistik-fischer.de,Generated
kontakt@hermann.de,,,Consulting Hermann e.K.,Geschäftsführer,Beratung,50-200,,www.hermann.de,Generated
mail@koenig.de,,,König Technik GmbH & Co. KG,Geschäftsführer,E-Commerce,30-150,,www.koenig.de,Generated
kontakt@systems-jung.de,,,Solingener Systems AG,Geschäftsführer,Logistik,10-50,,www.systems-jung.de,Generated
info@bau-mueller.de,,,Müller Bau UG,Geschäftsführer,Beratung,30-150,,www.bau-mueller.de,Generated
mail@lange-auto.de,,,Lange Auto KG,Geschäftsführer,Maschinenbau,30-150,,www.lange-auto.de,Generated
kontakt@fischer.de,,,Fischer Garten-Service KG,Geschäftsführer,E-Commerce,20-100,,www.fischer.de,Generated
info@wolf.de,,,Wolf Handel-Service GmbH,Geschäftsführer,E-Commerce,20-100,,www.wolf.de,Generated
office@transport-moeller.de,,,Würzburger Transport e.K.,Geschäftsführer,Handel,30-150,,www.transport-moeller.de,Generated
mail@schmidt-holz.de,,,Schmidt Holz GmbH,Geschäftsführer,Gesundheit,20-100,,www.schmidt-holz.de,Generated
mail@moeller-logistik.de,,,Möller Logistik e.K.,Geschäftsführer,Finanzdienstleistung,10-50,,www.moeller-logistik.de,Generated
office@auto-koenig.de,,,Magdeburger Auto e.K.,Geschäftsführer,Handwerk,20-100,,www.auto-koenig.de,Generated
office@zimmermann-transport.de,,,Transport Zimmermann e.K.,Geschäftsführer,Maschinenbau,50-200,,www.zimmermann-transport.de,Generated
office@immobilien-roth.de,,,Roth & Partner GmbH & Co. KG,Geschäftsführer,Dienstleistung,30-150,,www.immobilien-roth.de,Generated
mail@vogel-consulting.de,,,Krefelder Consulting UG,Geschäftsführer,Einzelhandel,20-100,,www.vogel-consulting.de,Generated
kontakt@becker.de,,,Becker Elektro-Service UG,Geschäftsführer,Handwerk,10-50,,www.becker.de,Generated
kontakt@becker-metall.de,,,Metall Becker GmbH,Geschäftsführer,Immobilien,20-100,,www.becker-metall.de,Generated
info@moeller-solutions.de,,,Möller Solutions-Service KG,Geschäftsführer,E-Commerce,30-150,,www.moeller-solutions.de,Generated
kontakt@hermann-logistik.de,,,Logistik Hermann GmbH & Co. KG,Geschäftsführer,IT-Dienstleistung,20-100,,www.hermann-logistik.de,Generated
mail@metall-becker.de,,,Becker Metall UG,Geschäftsführer,Beratung,10-50,,www.metall-becker.de,Generated
