email,first_name,last_name,company,position,industry,company_size,phone,website,source
mail@fischer-systems.de,,,Systems Fischer UG,Geschäftsführer,IT,100-250,,www.fischer-systems.de,Generated
kontakt@wagner.de,,,Wagner & Söhne e.K.,Geschäftsführer,Automotive,20-100,,www.wagner.de,Generated
info@schuster-immobilien.de,,,Schuster Immobilien GmbH,Geschäftsführer,Immobilien,10-50,,www.schuster-immobilien.de,Generated
mail@zimmermann-elektro.de,,,Zimmermann Handwerk KG,Geschäftsführer,Handwerk,100-250,,www.zimmermann-elektro.de,Generated
info@braun-import.de,,,Braun Group OHG,Geschäftsführer,Handel,100-250,,www.braun-import.de,Generated
office@bau-lehmann.de,,,Bau-Service Lehmann AG,Geschäftsführer,Immobilien,50-200,,www.bau-lehmann.de,Generated
office@arnold-handwerk.de,,,Maler-Service Arnold e.K.,Geschäftsführer,Handwerk,50-200,,www.arnold-handwerk.de,Generated
info@meyer-systems.de,,,Meyer & Partner Systems KG,Geschäftsführer,IT,20-100,,www.meyer-systems.de,Generated
mail@schwarz-service.de,,,Servicetechnik Schwarz e.K.,Geschäftsführer,Immobilien,100-250,,www.schwarz-service.de,Generated
info@schulte.de,,,Autotechnik Schulte GmbH & Co. KG,Geschäftsführer,Automotive,30-150,,www.schulte.de,Generated
mail@thomas.de,,,Management Thomas GmbH,Geschäftsführer,Immobilien,10-50,,www.thomas.de,Generated
kontakt@pension-weiß.de,,,Pension Weiß UG,Geschäftsführer,Gastro,20-100,,www.pension-weiß.de,Generated
info@schreiber.de,,,Technik Neumünster AG,Geschäftsführer,Produktion,30-150,,www.schreiber.de,Generated
office@mayer.de,,,Mayer Gastro AG,Geschäftsführer,Gastro,20-100,,www.mayer.de,Generated
info@friedrich-gesundheit.de,,,Friedrich Medical GmbH,Geschäftsführer,Gesundheit,10-50,,www.friedrich-gesundheit.de,Generated
kontakt@braun.de,,,Braun & Partner Elektro GmbH,Geschäftsführer,Handwerk,50-200,,www.braun.de,Generated
mail@winkler.de,,,Tuningtechnik Winkler GmbH & Co. KG,Geschäftsführer,Automotive,30-150,,www.winkler.de,Generated
kontakt@medical-koehler.de,,,Medical-Service Köhler GmbH,Geschäftsführer,Gesundheit,30-150,,www.medical-koehler.de,Generated
office@kaiser.de,,,Klinik-Service Kaiser GmbH,Geschäftsführer,Gesundheit,10-50,,www.kaiser.de,Generated
kontakt@lange-fenster.de,,,Lange Fenster e.K.,Geschäftsführer,Handwerk,30-150,,www.lange-fenster.de,Generated
kontakt@albrecht.de,,,Albrecht Anlagen e.K.,Geschäftsführer,Produktion,10-50,,www.albrecht.de,Generated
office@pohl.de,,,Pohl & Söhne OHG,Geschäftsführer,Handel,100-250,,www.pohl.de,Generated
office@reha-kuehn.de,,,Kühn Group GmbH,Geschäftsführer,Gesundheit,50-200,,www.reha-kuehn.de,Generated
kontakt@winter-consulting.de,,,Winter & Partner Consulting e.K.,Geschäftsführer,Beratung,100-250,,www.winter-consulting.de,Generated
kontakt@guenther.de,,,Lack Günther OHG,Geschäftsführer,Automotive,10-50,,www.guenther.de,Generated
kontakt@sanitär-kuhn.de,,,Sanitär Fulda UG,Geschäftsführer,Handwerk,20-100,,www.sanitär-kuhn.de,Generated
kontakt@meier.de,,,Solutions Meier OHG,Geschäftsführer,IT,20-100,,www.meier.de,Generated
info@bauer-industrie.de,,,Moerser Industrie KG,Geschäftsführer,Produktion,30-150,,www.bauer-industrie.de,Generated
mail@ludwig-beratung.de,,,Strategietechnik Ludwig GmbH & Co. KG,Geschäftsführer,Beratung,10-50,,www.ludwig-beratung.de,Generated
mail@pension-sauer.de,,,Pensiontechnik Sauer e.K.,Geschäftsführer,Gastro,10-50,,www.pension-sauer.de,Generated
kontakt@horn.de,,,Hotel-Service Horn UG,Geschäftsführer,Gastro,10-50,,www.horn.de,Generated
mail@meier.de,,,Meier & Söhne OHG,Geschäftsführer,Produktion,100-250,,www.meier.de,Generated
office@center-wagner.de,,,Wagner & Söhne AG,Geschäftsführer,Handel,10-50,,www.center-wagner.de,Generated
kontakt@sauer.de,,,Sauer Beratung KG,Geschäftsführer,Beratung,10-50,,www.sauer.de,Generated
office@busch-handel.de,,,Busch Store OHG,Geschäftsführer,Handel,50-200,,www.busch-handel.de,Generated
info@scholz-auto.de,,,Autotechnik Scholz OHG,Geschäftsführer,Automotive,50-200,,www.scholz-auto.de,Generated
office@dietrich.de,,,Dietrich Logistik GmbH,Geschäftsführer,Logistik,20-100,,www.dietrich.de,Generated
office@simon.de,,,Transporttechnik Simon AG,Geschäftsführer,Logistik,10-50,,www.simon.de,Generated
office@hofmann.de,,,Anlagen Mülheim KG,Geschäftsführer,Produktion,10-50,,www.hofmann.de,Generated
office@otto-immobilien.de,,,Property-Service Otto GmbH & Co. KG,Geschäftsführer,Immobilien,30-150,,www.otto-immobilien.de,Generated
info@schneider-services.de,,,Schneider & Partner Services KG,Geschäftsführer,Beratung,30-150,,www.schneider-services.de,Generated
office@schuster-automotive.de,,,Auto-Service Schuster GmbH & Co. KG,Geschäftsführer,Automotive,30-150,,www.schuster-automotive.de,Generated
office@groß.de,,,Dorstener Cloud e.K.,Geschäftsführer,IT,30-150,,www.groß.de,Generated
mail@roth-gesundheit.de,,,Roth Gesundheit GmbH,Geschäftsführer,Gesundheit,20-100,,www.roth-gesundheit.de,Generated
office@stein-karosserie.de,,,Stein & Söhne KG,Geschäftsführer,Automotive,30-150,,www.stein-karosserie.de,Generated
mail@pohl.de,,,Bistrotechnik Pohl OHG,Geschäftsführer,Gastro,30-150,,www.pohl.de,Generated
mail@klein-gastro.de,,,Lounge Halle e.K.,Geschäftsführer,Gastro,100-250,,www.klein-gastro.de,Generated
kontakt@schwarz.de,,,Logistik Mannheim UG,Geschäftsführer,Logistik,20-100,,www.schwarz.de,Generated
info@beck.de,,,Beck & Söhne UG,Geschäftsführer,Immobilien,20-100,,www.beck.de,Generated
info@bistro-krueger.de,,,Bistro-Service Krüger UG,Geschäftsführer,Gastro,50-200,,www.bistro-krueger.de,Generated
kontakt@guenther.de,,,Services Mülheim UG,Geschäftsführer,Beratung,30-150,,www.guenther.de,Generated
mail@reifen-peters.de,,,Villingen-Schwenningener Reifen OHG,Geschäftsführer,Automotive,50-200,,www.reifen-peters.de,Generated
kontakt@weber.de,,,Weber & Söhne AG,Geschäftsführer,Immobilien,100-250,,www.weber.de,Generated
kontakt@kraus-beratung.de,,,Kraus Management AG,Geschäftsführer,Beratung,50-200,,www.kraus-beratung.de,Generated
mail@hartmann.de,,,Hartmann & Söhne KG,Geschäftsführer,Beratung,10-50,,www.hartmann.de,Generated
mail@schulze.de,,,Schulze & Partner Reifen KG,Geschäftsführer,Automotive,20-100,,www.schulze.de,Generated
info@kraus.de,,,Shop-Service Kraus GmbH,Geschäftsführer,Handel,50-200,,www.kraus.de,Generated
office@schneider.de,,,Gerüst Neuss AG,Geschäftsführer,Handwerk,50-200,,www.schneider.de,Generated
info@services-scholz.de,,,Scholz & Partner Services UG,Geschäftsführer,Beratung,30-150,,www.services-scholz.de,Generated
kontakt@weiß-gerüst.de,,,Hagener Gerüst AG,Geschäftsführer,Handwerk,10-50,,www.weiß-gerüst.de,Generated
office@jaeger-fitness.de,,,Fitness Jäger GmbH,Geschäftsführer,Gesundheit,10-50,,www.jaeger-fitness.de,Generated
info@brandt-services.de,,,Brandt Group UG,Geschäftsführer,Beratung,50-200,,www.brandt-services.de,Generated
mail@lorenz-produktion.de,,,Siegener Metall GmbH & Co. KG,Geschäftsführer,Produktion,50-200,,www.lorenz-produktion.de,Generated
mail@engel-logistik.de,,,Versand Wuppertal GmbH & Co. KG,Geschäftsführer,Logistik,20-100,,www.engel-logistik.de,Generated
kontakt@seidel-auto.de,,,Auto-Service Seidel e.K.,Geschäftsführer,Automotive,10-50,,www.seidel-auto.de,Generated
mail@neumann-produktion.de,,,Neumann Produktion KG,Geschäftsführer,Produktion,100-250,,www.neumann-produktion.de,Generated
office@wolf-immobilien.de,,,Immobilientechnik Wolf GmbH & Co. KG,Geschäftsführer,Immobilien,100-250,,www.wolf-immobilien.de,Generated
mail@koehler.de,,,Köhler Group OHG,Geschäftsführer,Handel,10-50,,www.koehler.de,Generated
kontakt@schubert-gastro.de,,,Schubert Group KG,Geschäftsführer,Gastro,30-150,,www.schubert-gastro.de,Generated
office@handel-klein.de,,,Klein Handel e.K.,Geschäftsführer,Handel,30-150,,www.handel-klein.de,Generated
mail@karosserie-neumann.de,,,Bamberger Karosserie e.K.,Geschäftsführer,Automotive,30-150,,www.karosserie-neumann.de,Generated
mail@weber-real-estate.de,,,Real Estate-Service Weber GmbH & Co. KG,Geschäftsführer,Immobilien,100-250,,www.weber-real-estate.de,Generated
info@kraus-cargo.de,,,Cargo Kraus GmbH,Geschäftsführer,Logistik,50-200,,www.kraus-cargo.de,Generated
kontakt@vogel-logistik.de,,,Vogel & Partner Logistik KG,Geschäftsführer,Logistik,50-200,,www.vogel-logistik.de,Generated
kontakt@schaefer-gesundheit.de,,,Schäfer & Partner Wellness KG,Geschäftsführer,Gesundheit,100-250,,www.schaefer-gesundheit.de,Generated
info@koehler.de,,,Köhler Immobilien GmbH,Geschäftsführer,Immobilien,30-150,,www.koehler.de,Generated
info@hofmann.de,,,Verwaltung-Service Hofmann e.K.,Geschäftsführer,Immobilien,50-200,,www.hofmann.de,Generated
info@wolf-gesundheit.de,,,Gesundheit Gelsenkirchen AG,Geschäftsführer,Gesundheit,100-250,,www.wolf-gesundheit.de,Generated
office@vogel-solutions.de,,,Solutions Vogel KG,Geschäftsführer,Beratung,100-250,,www.vogel-solutions.de,Generated
info@lang-gastro.de,,,Lang Gastro KG,Geschäftsführer,Gastro,100-250,,www.lang-gastro.de,Generated
kontakt@werner.de,,,Verwaltung-Service Werner UG,Geschäftsführer,Immobilien,10-50,,www.werner.de,Generated
info@simon-maschinen.de,,,Simon Group OHG,Geschäftsführer,Produktion,100-250,,www.simon-maschinen.de,Generated
mail@motor-maier.de,,,Maier & Söhne e.K.,Geschäftsführer,Automotive,100-250,,www.motor-maier.de,Generated
office@franke.de,,,Franke Group e.K.,Geschäftsführer,Beratung,50-200,,www.franke.de,Generated
office@schulz.de,,,Schulz & Söhne e.K.,Geschäftsführer,Automotive,20-100,,www.schulz.de,Generated
kontakt@dietrich-cloud.de,,,Dietrich & Partner Cloud KG,Geschäftsführer,IT,20-100,,www.dietrich-cloud.de,Generated
office@facility-baumann.de,,,Facility-Service Baumann KG,Geschäftsführer,Immobilien,100-250,,www.facility-baumann.de,Generated
kontakt@weiß.de,,,Weiß & Söhne AG,Geschäftsführer,Handel,50-200,,www.weiß.de,Generated
kontakt@lange-import.de,,,Lange Import OHG,Geschäftsführer,Handel,10-50,,www.lange-import.de,Generated
kontakt@engel.de,,,Lack Bamberg GmbH,Geschäftsführer,Automotive,20-100,,www.engel.de,Generated
info@karosserie-klein.de,,,Lünener Karosserie GmbH & Co. KG,Geschäftsführer,Automotive,10-50,,www.karosserie-klein.de,Generated
office@roth-cargo.de,,,Cargo Roth UG,Geschäftsführer,Logistik,30-150,,www.roth-cargo.de,Generated
office@lager-brandt.de,,,Brandt & Partner Lager AG,Geschäftsführer,Logistik,10-50,,www.lager-brandt.de,Generated
kontakt@bistro-kuehn.de,,,Villingen-Schwenningener Bistro GmbH,Geschäftsführer,Gastro,30-150,,www.bistro-kuehn.de,Generated
office@kaiser.de,,,Maschinen Kaiser UG,Geschäftsführer,Produktion,30-150,,www.kaiser.de,Generated
kontakt@pflege-lehmann.de,,,Lehmann Gesundheit e.K.,Geschäftsführer,Gesundheit,30-150,,www.pflege-lehmann.de,Generated
mail@simon-it.de,,,Systems Simon AG,Geschäftsführer,IT,10-50,,www.simon-it.de,Generated
info@schmidt-import.de,,,Schmidt Group GmbH,Geschäftsführer,Handel,10-50,,www.schmidt-import.de,Generated
mail@neumann-maschinen.de,,,Maschinen Frankfurt AG,Geschäftsführer,Produktion,100-250,,www.neumann-maschinen.de,Generated
office@krueger.de,,,IT-Service Krüger e.K.,Geschäftsführer,IT,10-50,,www.krueger.de,Generated
office@mueller-gesundheit.de,,,Mönchengladbacher Wellness e.K.,Geschäftsführer,Gesundheit,30-150,,www.mueller-gesundheit.de,Generated
info@pfeiffer.de,,,Pfeiffer & Partner Partner GmbH,Geschäftsführer,Beratung,50-200,,www.pfeiffer.de,Generated
mail@braun.de,,,Braun & Söhne OHG,Geschäftsführer,Handwerk,50-200,,www.braun.de,Generated
mail@sommer-handwerk.de,,,Maler-Service Sommer UG,Geschäftsführer,Handwerk,30-150,,www.sommer-handwerk.de,Generated
office@pohl-data.de,,,Datatechnik Pohl GmbH,Geschäftsführer,IT,20-100,,www.pohl-data.de,Generated
kontakt@klein.de,,,Klein Beratung KG,Geschäftsführer,Beratung,20-100,,www.klein.de,Generated
kontakt@seidel.de,,,Importtechnik Seidel UG,Geschäftsführer,Handel,20-100,,www.seidel.de,Generated
kontakt@jaeger-gesundheit.de,,,Praxis Ingolstadt AG,Geschäftsführer,Gesundheit,30-150,,www.jaeger-gesundheit.de,Generated
kontakt@kuehn.de,,,Kühn Immobilien KG,Geschäftsführer,Immobilien,30-150,,www.kuehn.de,Generated
office@wagner-service.de,,,Servicetechnik Wagner GmbH & Co. KG,Geschäftsführer,Immobilien,10-50,,www.wagner-service.de,Generated
office@management-keller.de,,,Keller Beratung AG,Geschäftsführer,Beratung,100-250,,www.management-keller.de,Generated
info@kraus-cnc.de,,,Kraus Produktion OHG,Geschäftsführer,Produktion,50-200,,www.kraus-cnc.de,Generated
office@schubert-sanitär.de,,,Schubert Group OHG,Geschäftsführer,Handwerk,30-150,,www.schubert-sanitär.de,Generated
info@kraus-handel.de,,,Kraus Group e.K.,Geschäftsführer,Handel,100-250,,www.kraus-handel.de,Generated
mail@vogt-beratung.de,,,Management Vogt OHG,Geschäftsführer,Beratung,20-100,,www.vogt-beratung.de,Generated
office@kraemer.de,,,Systemstechnik Krämer GmbH,Geschäftsführer,IT,30-150,,www.kraemer.de,Generated
office@catering-schmidt.de,,,Cateringtechnik Schmidt e.K.,Geschäftsführer,Gastro,20-100,,www.catering-schmidt.de,Generated
office@arnold-handel.de,,,Importtechnik Arnold UG,Geschäftsführer,Handel,50-200,,www.arnold-handel.de,Generated
info@vertrieb-meyer.de,,,Wittener Vertrieb KG,Geschäftsführer,Handel,20-100,,www.vertrieb-meyer.de,Generated
mail@export-wolf.de,,,Wolf Group GmbH & Co. KG,Geschäftsführer,Handel,10-50,,www.export-wolf.de,Generated
office@gesundheit-schulz.de,,,Hagener Gesundheit AG,Geschäftsführer,Gesundheit,30-150,,www.gesundheit-schulz.de,Generated
info@wolf-gastro.de,,,Bistro Wolf KG,Geschäftsführer,Gastro,100-250,,www.wolf-gastro.de,Generated
office@winter.de,,,Partner Hamm UG,Geschäftsführer,Beratung,30-150,,www.winter.de,Generated
mail@voigt.de,,,Brandenburger Sanitär GmbH & Co. KG,Geschäftsführer,Handwerk,20-100,,www.voigt.de,Generated
kontakt@bau-meier.de,,,Meier Bau GmbH,Geschäftsführer,Immobilien,20-100,,www.bau-meier.de,Generated
mail@reha-albrecht.de,,,Reha Albrecht UG,Geschäftsführer,Gesundheit,50-200,,www.reha-albrecht.de,Generated
kontakt@schmitz.de,,,Schmitz & Partner Express e.K.,Geschäftsführer,Logistik,10-50,,www.schmitz.de,Generated
mail@jaeger.de,,,Jäger Produktion e.K.,Geschäftsführer,Produktion,50-200,,www.jaeger.de,Generated
info@auto-guenther.de,,,Günther Auto e.K.,Geschäftsführer,Automotive,30-150,,www.auto-guenther.de,Generated
info@hoffmann.de,,,Hoffmann & Söhne OHG,Geschäftsführer,IT,20-100,,www.hoffmann.de,Generated
info@bauer-lack.de,,,Lack Hannover GmbH,Geschäftsführer,Automotive,30-150,,www.bauer-lack.de,Generated
office@consulting-fischer.de,,,Fischer & Söhne GmbH,Geschäftsführer,IT,30-150,,www.consulting-fischer.de,Generated
info@sanitär-heinrich.de,,,Heinrich & Söhne UG,Geschäftsführer,Handwerk,30-150,,www.sanitär-heinrich.de,Generated
kontakt@schneider-handel.de,,,Export Salzgitter UG,Geschäftsführer,Handel,20-100,,www.schneider-handel.de,Generated
mail@engel-sanitär.de,,,Sanitär Engel KG,Geschäftsführer,Handwerk,10-50,,www.engel-sanitär.de,Generated
kontakt@schreiber-expert.de,,,Schreiber Beratung e.K.,Geschäftsführer,Beratung,50-200,,www.schreiber-expert.de,Generated
info@lehmann-consulting.de,,,Consultingtechnik Lehmann OHG,Geschäftsführer,Beratung,10-50,,www.lehmann-consulting.de,Generated
mail@walter-automotive.de,,,Castrop-Rauxeler Reifen AG,Geschäftsführer,Automotive,50-200,,www.walter-automotive.de,Generated
mail@vogel-solutions.de,,,Vogel & Partner Solutions GmbH,Geschäftsführer,IT,20-100,,www.vogel-solutions.de,Generated
info@friedrich-logistik.de,,,Logistiktechnik Friedrich UG,Geschäftsführer,Logistik,30-150,,www.friedrich-logistik.de,Generated
office@anlagen-stein.de,,,Stein Anlagen e.K.,Geschäftsführer,Produktion,20-100,,www.anlagen-stein.de,Generated
info@weber-logistik.de,,,Lager Weber OHG,Geschäftsführer,Logistik,100-250,,www.weber-logistik.de,Generated
mail@klein-transport.de,,,Transporttechnik Klein e.K.,Geschäftsführer,Logistik,100-250,,www.klein-transport.de,Generated
info@busch-service.de,,,Service Busch AG,Geschäftsführer,Automotive,10-50,,www.busch-service.de,Generated
mail@sanitär-lehmann.de,,,Lehmann Sanitär UG,Geschäftsführer,Handwerk,20-100,,www.sanitär-lehmann.de,Generated
info@großhandel-zimmermann.de,,,Mannheimer Großhandel e.K.,Geschäftsführer,Handel,30-150,,www.großhandel-zimmermann.de,Generated
kontakt@heinrich.de,,,Tuning Heinrich e.K.,Geschäftsführer,Automotive,20-100,,www.heinrich.de,Generated
info@solutions-peters.de,,,Solutionstechnik Peters e.K.,Geschäftsführer,Beratung,20-100,,www.solutions-peters.de,Generated
mail@holz-kaiser.de,,,Kaiser Handwerk e.K.,Geschäftsführer,Handwerk,20-100,,www.holz-kaiser.de,Generated
mail@data-dietrich.de,,,Dietrich & Partner Data KG,Geschäftsführer,IT,20-100,,www.data-dietrich.de,Generated
mail@wolf-haus.de,,,Wolf Group GmbH & Co. KG,Geschäftsführer,Immobilien,30-150,,www.wolf-haus.de,Generated
mail@kfz-sommer.de,,,KFZ Potsdam e.K.,Geschäftsführer,Automotive,10-50,,www.kfz-sommer.de,Generated
kontakt@seidel-produktion.de,,,Seidel Präzision GmbH,Geschäftsführer,Produktion,50-200,,www.seidel-produktion.de,Generated
office@werner.de,,,Neusser Elektro UG,Geschäftsführer,Handwerk,30-150,,www.werner.de,Generated
kontakt@weber.de,,,Weber & Söhne OHG,Geschäftsführer,Handel,30-150,,www.weber.de,Generated
office@heinrich-maler.de,,,Heinrich & Söhne UG,Geschäftsführer,Handwerk,100-250,,www.heinrich-maler.de,Generated
kontakt@meyer-digital.de,,,Meyer & Partner Digital UG,Geschäftsführer,IT,50-200,,www.meyer-digital.de,Generated
info@hahn-distribution.de,,,Hahn & Söhne OHG,Geschäftsführer,Logistik,30-150,,www.hahn-distribution.de,Generated
kontakt@roth.de,,,Roth Group e.K.,Geschäftsführer,Handwerk,30-150,,www.roth.de,Generated
mail@klein-gerüst.de,,,Gerüst Schwerin e.K.,Geschäftsführer,Handwerk,50-200,,www.klein-gerüst.de,Generated
mail@fenster-fuchs.de,,,Fuchs Group OHG,Geschäftsführer,Handwerk,100-250,,www.fenster-fuchs.de,Generated
mail@kuehn.de,,,Tuning Kühn AG,Geschäftsführer,Automotive,10-50,,www.kuehn.de,Generated
office@sauer.de,,,Hotel Sauer AG,Geschäftsführer,Gastro,100-250,,www.sauer.de,Generated
info@friedrich.de,,,Restaurant Jena AG,Geschäftsführer,Gastro,50-200,,www.friedrich.de,Generated
kontakt@fachhandel-kuhn.de,,,Iserlohner Fachhandel OHG,Geschäftsführer,Handel,10-50,,www.fachhandel-kuhn.de,Generated
info@praxis-klein.de,,,Praxis-Service Klein GmbH & Co. KG,Geschäftsführer,Gesundheit,30-150,,www.praxis-klein.de,Generated
kontakt@fischer-bau.de,,,Fischer Bau e.K.,Geschäftsführer,Handwerk,100-250,,www.fischer-bau.de,Generated
info@werkzeug-schulze.de,,,Schulze & Söhne AG,Geschäftsführer,Produktion,30-150,,www.werkzeug-schulze.de,Generated
info@praxis-mayer.de,,,Mayer & Partner Praxis AG,Geschäftsführer,Gesundheit,50-200,,www.praxis-mayer.de,Generated
office@digital-franke.de,,,Franke Digital e.K.,Geschäftsführer,IT,50-200,,www.digital-franke.de,Generated
office@guenther-elektro.de,,,Arnsberger Elektro AG,Geschäftsführer,Handwerk,30-150,,www.guenther-elektro.de,Generated
mail@schulte-bar.de,,,Schulte & Partner Bar GmbH,Geschäftsführer,Gastro,20-100,,www.schulte-bar.de,Generated
office@beratung-schmitt.de,,,Beratungtechnik Schmitt e.K.,Geschäftsführer,Beratung,10-50,,www.beratung-schmitt.de,Generated
info@industrie-schulte.de,,,Industrie-Service Schulte GmbH & Co. KG,Geschäftsführer,Produktion,50-200,,www.industrie-schulte.de,Generated
info@peters-haus.de,,,Peters Haus KG,Geschäftsführer,Immobilien,30-150,,www.peters-haus.de,Generated
kontakt@lorenz.de,,,Karlsruheer Motor GmbH,Geschäftsführer,Automotive,100-250,,www.lorenz.de,Generated
office@simon-center.de,,,Simon Center AG,Geschäftsführer,Handel,100-250,,www.simon-center.de,Generated
mail@stein-gastro.de,,,Event Stein GmbH,Geschäftsführer,Gastro,100-250,,www.stein-gastro.de,Generated
kontakt@jung.de,,,Jung Group e.K.,Geschäftsführer,Automotive,20-100,,www.jung.de,Generated
info@schuster-gastro.de,,,Schuster Gastro GmbH & Co. KG,Geschäftsführer,Gastro,100-250,,www.schuster-gastro.de,Generated
office@stahl-klein.de,,,Stahl Düsseldorf UG,Geschäftsführer,Produktion,20-100,,www.stahl-klein.de,Generated
kontakt@roth-beratung.de,,,Roth Beratung OHG,Geschäftsführer,Beratung,10-50,,www.roth-beratung.de,Generated
office@bergmann-gesundheit.de,,,Bergmann & Partner Reha AG,Geschäftsführer,Gesundheit,30-150,,www.bergmann-gesundheit.de,Generated
kontakt@präzision-peters.de,,,Präzision-Service Peters e.K.,Geschäftsführer,Produktion,100-250,,www.präzision-peters.de,Generated
mail@brandt-transport.de,,,Brandt & Partner Transport e.K.,Geschäftsführer,Logistik,50-200,,www.brandt-transport.de,Generated
mail@friedrich.de,,,Lack-Service Friedrich UG,Geschäftsführer,Automotive,100-250,,www.friedrich.de,Generated
kontakt@bergmann-heizung.de,,,Bergmann Heizung OHG,Geschäftsführer,Handwerk,100-250,,www.bergmann-heizung.de,Generated
mail@busch-expert.de,,,Busch Beratung e.K.,Geschäftsführer,Beratung,50-200,,www.busch-expert.de,Generated
office@wolff-logistik.de,,,Logistiktechnik Wolff KG,Geschäftsführer,Logistik,100-250,,www.wolff-logistik.de,Generated
info@scholz-produktion.de,,,Augsburger Anlagen UG,Geschäftsführer,Produktion,20-100,,www.scholz-produktion.de,Generated
kontakt@fuchs-beratung.de,,,Fuchs Expert AG,Geschäftsführer,Beratung,100-250,,www.fuchs-beratung.de,Generated
kontakt@schmitt.de,,,Industrie Remscheid KG,Geschäftsführer,Produktion,10-50,,www.schmitt.de,Generated
mail@property-kraemer.de,,,Krämer & Söhne GmbH,Geschäftsführer,Immobilien,100-250,,www.property-kraemer.de,Generated
mail@beck-gesundheit.de,,,Beck Group GmbH & Co. KG,Geschäftsführer,Gesundheit,30-150,,www.beck-gesundheit.de,Generated
mail@moeller.de,,,Systems-Service Möller GmbH & Co. KG,Geschäftsführer,IT,50-200,,www.moeller.de,Generated
office@distribution-lehmann.de,,,Lehmann Logistik UG,Geschäftsführer,Logistik,20-100,,www.distribution-lehmann.de,Generated
info@vital-albrecht.de,,,Albrecht Vital KG,Geschäftsführer,Gesundheit,10-50,,www.vital-albrecht.de,Generated
mail@richter.de,,,Richter Handwerk GmbH & Co. KG,Geschäftsführer,Handwerk,100-250,,www.richter.de,Generated
office@hoffmann-it.de,,,Hoffmann & Söhne KG,Geschäftsführer,IT,50-200,,www.hoffmann-it.de,Generated
info@wolff-immobilien.de,,,Wolff Group e.K.,Geschäftsführer,Immobilien,10-50,,www.wolff-immobilien.de,Generated
office@stein-handel.de,,,Osnabrücker Markt GmbH,Geschäftsführer,Handel,20-100,,www.stein-handel.de,Generated
mail@frank-it.de,,,Consulting-Service Frank GmbH & Co. KG,Geschäftsführer,IT,30-150,,www.frank-it.de,Generated
office@wagner.de,,,Hannoverer Anlagen GmbH & Co. KG,Geschäftsführer,Produktion,100-250,,www.wagner.de,Generated
kontakt@wolff.de,,,Magdeburger Motor GmbH & Co. KG,Geschäftsführer,Automotive,20-100,,www.wolff.de,Generated
kontakt@bauer-beratung.de,,,Management Kaiserslautern KG,Geschäftsführer,Beratung,100-250,,www.bauer-beratung.de,Generated
office@wellness-scholz.de,,,Scholz & Söhne GmbH & Co. KG,Geschäftsführer,Gesundheit,100-250,,www.wellness-scholz.de,Generated
mail@wolf-import.de,,,Wolf & Partner Import KG,Geschäftsführer,Handel,30-150,,www.wolf-import.de,Generated
mail@schroeder-consulting.de,,,Ingolstadter Consulting e.K.,Geschäftsführer,Beratung,100-250,,www.schroeder-consulting.de,Generated
office@vital-winter.de,,,Vitaltechnik Winter GmbH & Co. KG,Geschäftsführer,Gesundheit,30-150,,www.vital-winter.de,Generated
kontakt@peters-produktion.de,,,Metall Peters e.K.,Geschäftsführer,Produktion,100-250,,www.peters-produktion.de,Generated
info@schmitz.de,,,Schmitz & Partner Spedition GmbH & Co. KG,Geschäftsführer,Logistik,100-250,,www.schmitz.de,Generated
kontakt@management-bergmann.de,,,Bergmann Group AG,Geschäftsführer,Immobilien,10-50,,www.management-bergmann.de,Generated
mail@import-becker.de,,,Becker & Partner Import KG,Geschäftsführer,Handel,30-150,,www.import-becker.de,Generated
kontakt@sommer-transport.de,,,Sommer & Söhne AG,Geschäftsführer,Logistik,30-150,,www.sommer-transport.de,Generated
info@gesundheit-baumann.de,,,Baumann & Partner Gesundheit UG,Geschäftsführer,Gesundheit,50-200,,www.gesundheit-baumann.de,Generated
office@thomas-logistik.de,,,Logistiktechnik Thomas GmbH & Co. KG,Geschäftsführer,Logistik,50-200,,www.thomas-logistik.de,Generated
mail@scholz-dach.de,,,Scholz Group GmbH & Co. KG,Geschäftsführer,Handwerk,50-200,,www.scholz-dach.de,Generated
office@weber-automotive.de,,,Fahrzeug Oldenburg e.K.,Geschäftsführer,Automotive,50-200,,www.weber-automotive.de,Generated
info@bauer-handwerk.de,,,Bauer & Söhne OHG,Geschäftsführer,Handwerk,10-50,,www.bauer-handwerk.de,Generated
kontakt@werner-gesundheit.de,,,Werner & Söhne GmbH,Geschäftsführer,Gesundheit,100-250,,www.werner-gesundheit.de,Generated
kontakt@baumann-it.de,,,Baumann Group GmbH,Geschäftsführer,IT,100-250,,www.baumann-it.de,Generated
office@huber-gesundheit.de,,,Fitness-Service Huber GmbH & Co. KG,Geschäftsführer,Gesundheit,50-200,,www.huber-gesundheit.de,Generated
kontakt@software-schulze.de,,,Schulze Group AG,Geschäftsführer,IT,10-50,,www.software-schulze.de,Generated
mail@weiß-gesundheit.de,,,Weiß & Partner Therapie AG,Geschäftsführer,Gesundheit,10-50,,www.weiß-gesundheit.de,Generated
kontakt@wolff-handwerk.de,,,Gerüst-Service Wolff GmbH & Co. KG,Geschäftsführer,Handwerk,50-200,,www.wolff-handwerk.de,Generated
info@voigt.de,,,Bremerhavener Distribution AG,Geschäftsführer,Logistik,50-200,,www.voigt.de,Generated
info@holz-hartmann.de,,,Hartmann Holz UG,Geschäftsführer,Handwerk,10-50,,www.holz-hartmann.de,Generated
mail@werkstatt-fischer.de,,,Fischer & Söhne GmbH & Co. KG,Geschäftsführer,Automotive,100-250,,www.werkstatt-fischer.de,Generated
office@web-koenig.de,,,König IT GmbH & Co. KG,Geschäftsführer,IT,50-200,,www.web-koenig.de,Generated
kontakt@koenig-it.de,,,Wiesbadener Web KG,Geschäftsführer,IT,10-50,,www.koenig-it.de,Generated
info@heinrich-fenster.de,,,Fenster Bamberg e.K.,Geschäftsführer,Handwerk,50-200,,www.heinrich-fenster.de,Generated
info@moeller-handel.de,,,Handeltechnik Möller GmbH & Co. KG,Geschäftsführer,Handel,30-150,,www.moeller-handel.de,Generated
kontakt@schmitz-immobilien.de,,,Schmitz Immobilien UG,Geschäftsführer,Immobilien,100-250,,www.schmitz-immobilien.de,Generated
kontakt@vogt-produktion.de,,,Vogt Produktion e.K.,Geschäftsführer,Produktion,20-100,,www.vogt-produktion.de,Generated
kontakt@hoffmann-technik.de,,,Wittener Technik GmbH,Geschäftsführer,Produktion,20-100,,www.hoffmann-technik.de,Generated
mail@koch-logistik.de,,,Versand Koch AG,Geschäftsführer,Logistik,20-100,,www.koch-logistik.de,Generated
office@groß.de,,,Groß & Söhne KG,Geschäftsführer,Handel,30-150,,www.groß.de,Generated
office@metall-sommer.de,,,Sommer & Partner Metall AG,Geschäftsführer,Produktion,20-100,,www.metall-sommer.de,Generated
office@beck-immobilien.de,,,Beck & Partner Haus GmbH & Co. KG,Geschäftsführer,Immobilien,30-150,,www.beck-immobilien.de,Generated
kontakt@jung-strategie.de,,,Jung Group AG,Geschäftsführer,Beratung,100-250,,www.jung-strategie.de,Generated
kontakt@engel.de,,,Beratung Worms e.K.,Geschäftsführer,Beratung,50-200,,www.engel.de,Generated
info@pflege-weber.de,,,Weber Group AG,Geschäftsführer,Gesundheit,10-50,,www.pflege-weber.de,Generated
kontakt@meier.de,,,Logistik Meier AG,Geschäftsführer,Logistik,10-50,,www.meier.de,Generated
office@pfeiffer.de,,,Pfeiffer Handel UG,Geschäftsführer,Handel,10-50,,www.pfeiffer.de,Generated
kontakt@krause-wellness.de,,,Krause Wellness AG,Geschäftsführer,Gesundheit,10-50,,www.krause-wellness.de,Generated
office@keller-café.de,,,Café Witten UG,Geschäftsführer,Gastro,100-250,,www.keller-café.de,Generated
kontakt@hartmann-services.de,,,Services-Service Hartmann GmbH,Geschäftsführer,Beratung,50-200,,www.hartmann-services.de,Generated
office@becker.de,,,Strategie Worms GmbH & Co. KG,Geschäftsführer,Beratung,100-250,,www.becker.de,Generated
kontakt@boehm-metall.de,,,Böhm & Söhne e.K.,Geschäftsführer,Produktion,50-200,,www.boehm-metall.de,Generated
info@otto-logistik.de,,,Transport-Service Otto e.K.,Geschäftsführer,Logistik,30-150,,www.otto-logistik.de,Generated
kontakt@krueger-automotive.de,,,Krüger & Söhne KG,Geschäftsführer,Automotive,50-200,,www.krueger-automotive.de,Generated
kontakt@mueller-handel.de,,,Shoptechnik Müller e.K.,Geschäftsführer,Handel,50-200,,www.mueller-handel.de,Generated
kontakt@hahn.de,,,Gerüsttechnik Hahn UG,Geschäftsführer,Handwerk,100-250,,www.hahn.de,Generated
info@kaiser-beratung.de,,,Solutions Kaiser GmbH & Co. KG,Geschäftsführer,Beratung,30-150,,www.kaiser-beratung.de,Generated
mail@schumacher-store.de,,,Duisburger Store GmbH,Geschäftsführer,Handel,20-100,,www.schumacher-store.de,Generated
office@schmidt.de,,,Lounge Schmidt GmbH,Geschäftsführer,Gastro,30-150,,www.schmidt.de,Generated
info@jaeger-automotive.de,,,Wolfsburger Fahrzeug GmbH,Geschäftsführer,Automotive,30-150,,www.jaeger-automotive.de,Generated
office@solutions-werner.de,,,Solutionstechnik Werner KG,Geschäftsführer,IT,50-200,,www.solutions-werner.de,Generated
kontakt@schuster-it.de,,,Solutions-Service Schuster GmbH,Geschäftsführer,IT,20-100,,www.schuster-it.de,Generated
info@wohn-vogt.de,,,Wohntechnik Vogt UG,Geschäftsführer,Immobilien,50-200,,www.wohn-vogt.de,Generated
kontakt@albrecht-gesundheit.de,,,Albrecht & Partner Therapie OHG,Geschäftsführer,Gesundheit,20-100,,www.albrecht-gesundheit.de,Generated
office@service-vogel.de,,,Servicetechnik Vogel AG,Geschäftsführer,Automotive,30-150,,www.service-vogel.de,Generated
info@schwarz-automotive.de,,,Schwarz & Söhne AG,Geschäftsführer,Automotive,50-200,,www.schwarz-automotive.de,Generated
office@tech-zimmermann.de,,,Zimmermann & Partner Tech AG,Geschäftsführer,IT,20-100,,www.tech-zimmermann.de,Generated
mail@center-vogel.de,,,Vogel Group OHG,Geschäftsführer,Handel,20-100,,www.center-vogel.de,Generated
mail@schwarz.de,,,Schwarz Produktion KG,Geschäftsführer,Produktion,30-150,,www.schwarz.de,Generated
office@hahn.de,,,Hahn & Partner Bau UG,Geschäftsführer,Immobilien,50-200,,www.hahn.de,Generated
office@guenther-handel.de,,,Markttechnik Günther e.K.,Geschäftsführer,Handel,20-100,,www.guenther-handel.de,Generated
office@franke-distribution.de,,,Franke Logistik GmbH & Co. KG,Geschäftsführer,Logistik,20-100,,www.franke-distribution.de,Generated
kontakt@medical-ziegler.de,,,Medical Ziegler GmbH & Co. KG,Geschäftsführer,Gesundheit,10-50,,www.medical-ziegler.de,Generated
mail@service-kraus.de,,,Service Kraus GmbH,Geschäftsführer,Automotive,100-250,,www.service-kraus.de,Generated
office@lange-it.de,,,Data Trier KG,Geschäftsführer,IT,50-200,,www.lange-it.de,Generated
kontakt@meier.de,,,Vital Meier UG,Geschäftsführer,Gesundheit,20-100,,www.meier.de,Generated
office@moeller.de,,,Systems-Service Möller GmbH,Geschäftsführer,IT,50-200,,www.moeller.de,Generated
office@fischer-gastro.de,,,Restaurant-Service Fischer GmbH & Co. KG,Geschäftsführer,Gastro,30-150,,www.fischer-gastro.de,Generated
info@baumann.de,,,Mainzer Data AG,Geschäftsführer,IT,30-150,,www.baumann.de,Generated
info@service-fischer.de,,,Service Fischer GmbH & Co. KG,Geschäftsführer,Automotive,10-50,,www.service-fischer.de,Generated
info@dach-hartmann.de,,,Salzgitterer Dach e.K.,Geschäftsführer,Handwerk,100-250,,www.dach-hartmann.de,Generated
office@property-ludwig.de,,,Propertytechnik Ludwig GmbH & Co. KG,Geschäftsführer,Immobilien,100-250,,www.property-ludwig.de,Generated
kontakt@berger-handwerk.de,,,Fenster Berger OHG,Geschäftsführer,Handwerk,30-150,,www.berger-handwerk.de,Generated
info@meyer.de,,,Property-Service Meyer AG,Geschäftsführer,Immobilien,10-50,,www.meyer.de,Generated
info@schroeder-software.de,,,Schröder Group GmbH & Co. KG,Geschäftsführer,IT,10-50,,www.schroeder-software.de,Generated
office@koenig.de,,,Werkstatttechnik König KG,Geschäftsführer,Automotive,10-50,,www.koenig.de,Generated
kontakt@schumacher-handel.de,,,Centertechnik Schumacher e.K.,Geschäftsführer,Handel,50-200,,www.schumacher-handel.de,Generated
info@schuster.de,,,Lack Münster UG,Geschäftsführer,Automotive,100-250,,www.schuster.de,Generated
info@fuchs-logistik.de,,,Logistik Fuchs e.K.,Geschäftsführer,Logistik,50-200,,www.fuchs-logistik.de,Generated
office@richter.de,,,Richter & Söhne KG,Geschäftsführer,Handel,50-200,,www.richter.de,Generated
info@pohl.de,,,Pohl & Söhne GmbH,Geschäftsführer,Gastro,50-200,,www.pohl.de,Generated
office@scholz-gastro.de,,,Gasthof-Service Scholz GmbH & Co. KG,Geschäftsführer,Gastro,20-100,,www.scholz-gastro.de,Generated
mail@huber-gastro.de,,,Bonner Hotel KG,Geschäftsführer,Gastro,20-100,,www.huber-gastro.de,Generated
kontakt@beck-gesundheit.de,,,Klinik Konstanz KG,Geschäftsführer,Gesundheit,100-250,,www.beck-gesundheit.de,Generated
kontakt@kaiser-verwaltung.de,,,Kaiser Immobilien AG,Geschäftsführer,Immobilien,30-150,,www.kaiser-verwaltung.de,Generated
info@consulting-meier.de,,,Meier Consulting GmbH & Co. KG,Geschäftsführer,IT,100-250,,www.consulting-meier.de,Generated
mail@richter.de,,,Magdeburger Lack KG,Geschäftsführer,Automotive,50-200,,www.richter.de,Generated
kontakt@zimmermann-präzision.de,,,Präzision Göttingen UG,Geschäftsführer,Produktion,10-50,,www.zimmermann-präzision.de,Generated
office@schmidt.de,,,Schmidt & Partner Dach UG,Geschäftsführer,Handwerk,10-50,,www.schmidt.de,Generated
mail@moeller-handwerk.de,,,Elektro-Service Möller KG,Geschäftsführer,Handwerk,50-200,,www.moeller-handwerk.de,Generated
kontakt@services-kaiser.de,,,Servicestechnik Kaiser GmbH & Co. KG,Geschäftsführer,Beratung,30-150,,www.services-kaiser.de,Generated
info@schroeder-handel.de,,,Leverkusener Shop OHG,Geschäftsführer,Handel,100-250,,www.schroeder-handel.de,Generated
office@tuning-lang.de,,,Lang & Söhne AG,Geschäftsführer,Automotive,50-200,,www.tuning-lang.de,Generated
mail@wagner.de,,,Vertriebtechnik Wagner GmbH,Geschäftsführer,Handel,10-50,,www.wagner.de,Generated
info@guenther-immobilien.de,,,Günther & Söhne AG,Geschäftsführer,Immobilien,10-50,,www.guenther-immobilien.de,Generated
kontakt@graf-gastro.de,,,Eventtechnik Graf UG,Geschäftsführer,Gastro,20-100,,www.graf-gastro.de,Generated
info@otto-handwerk.de,,,Elektro-Service Otto OHG,Geschäftsführer,Handwerk,10-50,,www.otto-handwerk.de,Generated
mail@werner-beratung.de,,,Management-Service Werner e.K.,Geschäftsführer,Beratung,10-50,,www.werner-beratung.de,Generated
kontakt@moeller-gesundheit.de,,,Möller Gesundheit OHG,Geschäftsführer,Gesundheit,50-200,,www.moeller-gesundheit.de,Generated
mail@huber.de,,,Expert Dortmund AG,Geschäftsführer,Beratung,20-100,,www.huber.de,Generated
office@dietrich-logistik.de,,,Logistiktechnik Dietrich OHG,Geschäftsführer,Logistik,50-200,,www.dietrich-logistik.de,Generated
info@baumann-gesundheit.de,,,Gesundheit Essen UG,Geschäftsführer,Gesundheit,50-200,,www.baumann-gesundheit.de,Generated
mail@schuster-it.de,,,Web Potsdam UG,Geschäftsführer,IT,20-100,,www.schuster-it.de,Generated
office@lorenz.de,,,Lorenz Group e.K.,Geschäftsführer,Immobilien,30-150,,www.lorenz.de,Generated
info@schmitt.de,,,Medical-Service Schmitt AG,Geschäftsführer,Gesundheit,20-100,,www.schmitt.de,Generated
mail@mayer-großhandel.de,,,Mayer Group AG,Geschäftsführer,Handel,100-250,,www.mayer-großhandel.de,Generated
kontakt@koenig-bar.de,,,König Group GmbH & Co. KG,Geschäftsführer,Gastro,50-200,,www.koenig-bar.de,Generated
kontakt@albrecht.de,,,Lager Kiel OHG,Geschäftsführer,Logistik,10-50,,www.albrecht.de,Generated
info@mayer.de,,,Mayer Group AG,Geschäftsführer,Gesundheit,10-50,,www.mayer.de,Generated
mail@franke-produktion.de,,,Fürther Industrie e.K.,Geschäftsführer,Produktion,20-100,,www.franke-produktion.de,Generated
office@beck-handwerk.de,,,Heizung Beck e.K.,Geschäftsführer,Handwerk,10-50,,www.beck-handwerk.de,Generated
info@service-jaeger.de,,,Service Hagen GmbH,Geschäftsführer,Immobilien,20-100,,www.service-jaeger.de,Generated
kontakt@service-meier.de,,,Service Bayreuth KG,Geschäftsführer,Immobilien,20-100,,www.service-meier.de,Generated
mail@management-lorenz.de,,,Lorenz Group AG,Geschäftsführer,Beratung,10-50,,www.management-lorenz.de,Generated
info@winter-automotive.de,,,Winter Automotive e.K.,Geschäftsführer,Automotive,30-150,,www.winter-automotive.de,Generated
info@schmitt-werkstatt.de,,,Schmitt & Partner Werkstatt UG,Geschäftsführer,Automotive,30-150,,www.schmitt-werkstatt.de,Generated
mail@neumann-elektro.de,,,Neumann & Söhne GmbH & Co. KG,Geschäftsführer,Handwerk,30-150,,www.neumann-elektro.de,Generated
info@bauer.de,,,Bauer & Söhne OHG,Geschäftsführer,Gesundheit,20-100,,www.bauer.de,Generated
kontakt@sommer.de,,,Sommer Gesundheit OHG,Geschäftsführer,Gesundheit,50-200,,www.sommer.de,Generated
mail@winter-import.de,,,Winter Import e.K.,Geschäftsführer,Handel,100-250,,www.winter-import.de,Generated
kontakt@arnold.de,,,Partner Arnold AG,Geschäftsführer,Beratung,100-250,,www.arnold.de,Generated
mail@software-jung.de,,,Software-Service Jung KG,Geschäftsführer,IT,50-200,,www.software-jung.de,Generated
kontakt@richter.de,,,Richter & Partner Fertigung KG,Geschäftsführer,Produktion,20-100,,www.richter.de,Generated
kontakt@simon.de,,,Simon Medical UG,Geschäftsführer,Gesundheit,10-50,,www.simon.de,Generated
mail@schulze.de,,,Metalltechnik Schulze GmbH & Co. KG,Geschäftsführer,Produktion,100-250,,www.schulze.de,Generated
info@meyer-cnc.de,,,Meyer Group AG,Geschäftsführer,Produktion,20-100,,www.meyer-cnc.de,Generated
mail@sauer.de,,,Sauer Immobilien AG,Geschäftsführer,Immobilien,30-150,,www.sauer.de,Generated
office@wellness-bauer.de,,,Wellnesstechnik Bauer AG,Geschäftsführer,Gesundheit,100-250,,www.wellness-bauer.de,Generated
info@wagner-automotive.de,,,Wagner & Partner Karosserie KG,Geschäftsführer,Automotive,50-200,,www.wagner-automotive.de,Generated
mail@anlagen-meyer.de,,,Anlagen-Service Meyer AG,Geschäftsführer,Produktion,20-100,,www.anlagen-meyer.de,Generated
mail@schumacher.de,,,Schumacher & Söhne OHG,Geschäftsführer,Produktion,100-250,,www.schumacher.de,Generated
kontakt@kaiser-distribution.de,,,Kaiser Distribution e.K.,Geschäftsführer,Logistik,30-150,,www.kaiser-distribution.de,Generated
kontakt@vogt.de,,,Pflege Vogt GmbH & Co. KG,Geschäftsführer,Gesundheit,50-200,,www.vogt.de,Generated
info@baumann-it.de,,,Baumann Digital UG,Geschäftsführer,IT,10-50,,www.baumann-it.de,Generated
mail@kraus.de,,,Mindener Karosserie GmbH & Co. KG,Geschäftsführer,Automotive,30-150,,www.kraus.de,Generated
office@frank.de,,,Expert-Service Frank KG,Geschäftsführer,Beratung,10-50,,www.frank.de,Generated
mail@huber.de,,,Expert Huber OHG,Geschäftsführer,Beratung,20-100,,www.huber.de,Generated
office@schumacher-handel.de,,,Schumacher & Partner Handel OHG,Geschäftsführer,Handel,10-50,,www.schumacher-handel.de,Generated
office@bergmann-property.de,,,Propertytechnik Bergmann AG,Geschäftsführer,Immobilien,50-200,,www.bergmann-property.de,Generated
kontakt@meyer-handel.de,,,Shop Meyer KG,Geschäftsführer,Handel,100-250,,www.meyer-handel.de,Generated
mail@schulze-management.de,,,Management Schulze GmbH & Co. KG,Geschäftsführer,Beratung,50-200,,www.schulze-management.de,Generated
info@sauer-automotive.de,,,Auto Sauer GmbH,Geschäftsführer,Automotive,50-200,,www.sauer-automotive.de,Generated
kontakt@immobilien-haas.de,,,Immobilientechnik Haas GmbH & Co. KG,Geschäftsführer,Immobilien,30-150,,www.immobilien-haas.de,Generated
office@koenig-gesundheit.de,,,Iserlohner Gesundheit AG,Geschäftsführer,Gesundheit,100-250,,www.koenig-gesundheit.de,Generated
office@koch-tech.de,,,Koch IT e.K.,Geschäftsführer,IT,30-150,,www.koch-tech.de,Generated
kontakt@reifen-jaeger.de,,,Jäger & Söhne UG,Geschäftsführer,Automotive,20-100,,www.reifen-jaeger.de,Generated
mail@systems-wolf.de,,,Wolf Systems AG,Geschäftsführer,IT,10-50,,www.systems-wolf.de,Generated
kontakt@management-schaefer.de,,,Schäfer & Söhne KG,Geschäftsführer,Immobilien,50-200,,www.management-schaefer.de,Generated
info@weiß.de,,,Facility Weiß GmbH,Geschäftsführer,Immobilien,30-150,,www.weiß.de,Generated
office@krueger-sanitär.de,,,Sanitär-Service Krüger AG,Geschäftsführer,Handwerk,30-150,,www.krueger-sanitär.de,Generated
kontakt@gesundheit-haas.de,,,Heilbronner Gesundheit UG,Geschäftsführer,Gesundheit,20-100,,www.gesundheit-haas.de,Generated
kontakt@braun.de,,,Osnabrücker Reifen AG,Geschäftsführer,Automotive,10-50,,www.braun.de,Generated
office@winkler.de,,,Präzision Castrop-Rauxel GmbH,Geschäftsführer,Produktion,10-50,,www.winkler.de,Generated
office@fischer-beratung.de,,,Aachener Business GmbH,Geschäftsführer,Beratung,50-200,,www.fischer-beratung.de,Generated
info@sauer-lounge.de,,,Sauer Group GmbH,Geschäftsführer,Gastro,30-150,,www.sauer-lounge.de,Generated
office@friedrich.de,,,Friedrich Handel KG,Geschäftsführer,Handel,30-150,,www.friedrich.de,Generated
kontakt@vogt-cargo.de,,,Bielefelder Cargo UG,Geschäftsführer,Logistik,100-250,,www.vogt-cargo.de,Generated
info@schumacher-logistik.de,,,Schumacher & Partner Transport GmbH & Co. KG,Geschäftsführer,Logistik,100-250,,www.schumacher-logistik.de,Generated
office@vogel-automotive.de,,,Lack Wuppertal AG,Geschäftsführer,Automotive,20-100,,www.vogel-automotive.de,Generated
office@schulte.de,,,Schulte & Partner Kurier AG,Geschäftsführer,Logistik,100-250,,www.schulte.de,Generated
info@groß-logistik.de,,,Fracht Minden OHG,Geschäftsführer,Logistik,30-150,,www.groß-logistik.de,Generated
kontakt@graf-produktion.de,,,Leverkusener CNC AG,Geschäftsführer,Produktion,50-200,,www.graf-produktion.de,Generated
mail@thomas-präzision.de,,,Präzision Thomas OHG,Geschäftsführer,Produktion,100-250,,www.thomas-präzision.de,Generated
office@markt-mayer.de,,,Mayer Handel e.K.,Geschäftsführer,Handel,50-200,,www.markt-mayer.de,Generated
info@vertrieb-schaefer.de,,,Schäfer Handel GmbH,Geschäftsführer,Handel,100-250,,www.vertrieb-schaefer.de,Generated
office@berger-präzision.de,,,Berger Group UG,Geschäftsführer,Produktion,10-50,,www.berger-präzision.de,Generated
info@schmid.de,,,Schmid & Partner Reifen KG,Geschäftsführer,Automotive,100-250,,www.schmid.de,Generated
kontakt@moeller-management.de,,,Management Möller GmbH & Co. KG,Geschäftsführer,Beratung,10-50,,www.moeller-management.de,Generated
info@sauer.de,,,Sauer Group KG,Geschäftsführer,Produktion,10-50,,www.sauer.de,Generated
kontakt@data-schulz.de,,,Schulz Data OHG,Geschäftsführer,IT,50-200,,www.data-schulz.de,Generated
office@industrie-mayer.de,,,Mayer Industrie UG,Geschäftsführer,Produktion,100-250,,www.industrie-mayer.de,Generated
info@vogel-verwaltung.de,,,Vogel Immobilien KG,Geschäftsführer,Immobilien,30-150,,www.vogel-verwaltung.de,Generated
info@koch-beratung.de,,,Management Koch GmbH & Co. KG,Geschäftsführer,Beratung,50-200,,www.koch-beratung.de,Generated
office@koenig.de,,,Management Schwerin GmbH & Co. KG,Geschäftsführer,Beratung,50-200,,www.koenig.de,Generated
info@groß-logistik.de,,,Groß & Partner Fracht AG,Geschäftsführer,Logistik,10-50,,www.groß-logistik.de,Generated
mail@jung-it.de,,,IT Hildesheim OHG,Geschäftsführer,IT,10-50,,www.jung-it.de,Generated
mail@ziegler-praxis.de,,,Praxis-Service Ziegler UG,Geschäftsführer,Gesundheit,10-50,,www.ziegler-praxis.de,Generated
office@hartmann-logistik.de,,,Lager Hartmann GmbH & Co. KG,Geschäftsführer,Logistik,50-200,,www.hartmann-logistik.de,Generated
kontakt@sauer.de,,,Sauer & Söhne KG,Geschäftsführer,Beratung,20-100,,www.sauer.de,Generated
kontakt@schneider-automotive.de,,,Auto Bremerhaven GmbH,Geschäftsführer,Automotive,50-200,,www.schneider-automotive.de,Generated
mail@service-kuehn.de,,,Kühn Group e.K.,Geschäftsführer,Automotive,10-50,,www.service-kuehn.de,Generated
office@bau-vogt.de,,,Darmstadter Bau OHG,Geschäftsführer,Immobilien,30-150,,www.bau-vogt.de,Generated
info@moeller-consulting.de,,,Möller Consulting KG,Geschäftsführer,IT,100-250,,www.moeller-consulting.de,Generated
info@lange.de,,,Lange & Partner Dach OHG,Geschäftsführer,Handwerk,10-50,,www.lange.de,Generated
info@baumann-produktion.de,,,CNCtechnik Baumann KG,Geschäftsführer,Produktion,10-50,,www.baumann-produktion.de,Generated
info@schroeder.de,,,Lager Schröder AG,Geschäftsführer,Logistik,30-150,,www.schroeder.de,Generated
office@solutions-albrecht.de,,,Albrecht Solutions AG,Geschäftsführer,IT,10-50,,www.solutions-albrecht.de,Generated
mail@weber.de,,,Göttingener Praxis UG,Geschäftsführer,Gesundheit,30-150,,www.weber.de,Generated
mail@hahn-distribution.de,,,Distribution Stuttgart UG,Geschäftsführer,Logistik,50-200,,www.hahn-distribution.de,Generated
mail@kuehn.de,,,Kühn Anlagen UG,Geschäftsführer,Produktion,10-50,,www.kuehn.de,Generated
office@sauer.de,,,Therapie Sauer AG,Geschäftsführer,Gesundheit,10-50,,www.sauer.de,Generated
office@metall-weiß.de,,,Weiß & Partner Metall KG,Geschäftsführer,Produktion,20-100,,www.metall-weiß.de,Generated
info@busch-bau.de,,,Busch Handwerk KG,Geschäftsführer,Handwerk,100-250,,www.busch-bau.de,Generated
info@becker-management.de,,,Becker Beratung GmbH & Co. KG,Geschäftsführer,Beratung,30-150,,www.becker-management.de,Generated
kontakt@keller-it.de,,,Data-Service Keller GmbH,Geschäftsführer,IT,10-50,,www.keller-it.de,Generated
mail@koenig-vital.de,,,Vital Mönchengladbach OHG,Geschäftsführer,Gesundheit,50-200,,www.koenig-vital.de,Generated
mail@moeller-gesundheit.de,,,Möller & Söhne OHG,Geschäftsführer,Gesundheit,100-250,,www.moeller-gesundheit.de,Generated
info@wagner.de,,,Wagner Fenster UG,Geschäftsführer,Handwerk,10-50,,www.wagner.de,Generated
info@walter.de,,,Walter Group AG,Geschäftsführer,Handel,20-100,,www.walter.de,Generated
info@kuehn-produktion.de,,,Kühn & Partner Präzision UG,Geschäftsführer,Produktion,100-250,,www.kuehn-produktion.de,Generated
kontakt@wolf-solutions.de,,,Solutionstechnik Wolf UG,Geschäftsführer,Beratung,20-100,,www.wolf-solutions.de,Generated
office@cloud-wolff.de,,,Cloud Wolff GmbH & Co. KG,Geschäftsführer,IT,50-200,,www.cloud-wolff.de,Generated
kontakt@becker.de,,,Karosserietechnik Becker OHG,Geschäftsführer,Automotive,20-100,,www.becker.de,Generated
kontakt@koehler.de,,,Köhler Group AG,Geschäftsführer,Immobilien,100-250,,www.koehler.de,Generated
office@franke-handwerk.de,,,Malertechnik Franke OHG,Geschäftsführer,Handwerk,50-200,,www.franke-handwerk.de,Generated
info@bauer-metall.de,,,Bauer Produktion GmbH,Geschäftsführer,Produktion,50-200,,www.bauer-metall.de,Generated
office@boehm.de,,,Braunschweiger Export GmbH,Geschäftsführer,Handel,30-150,,www.boehm.de,Generated
info@strategie-martin.de,,,Martin Group OHG,Geschäftsführer,Beratung,30-150,,www.strategie-martin.de,Generated
office@sommer.de,,,Markt Sommer GmbH & Co. KG,Geschäftsführer,Handel,100-250,,www.sommer.de,Generated
kontakt@schulz.de,,,Schulz Group AG,Geschäftsführer,Produktion,30-150,,www.schulz.de,Generated
info@store-albrecht.de,,,Store Mülheim e.K.,Geschäftsführer,Handel,100-250,,www.store-albrecht.de,Generated
office@schubert.de,,,Immobilien Schubert AG,Geschäftsführer,Immobilien,50-200,,www.schubert.de,Generated
kontakt@dietrich-catering.de,,,Cateringtechnik Dietrich GmbH,Geschäftsführer,Gastro,100-250,,www.dietrich-catering.de,Generated
office@berger-wohn.de,,,Berger Group GmbH,Geschäftsführer,Immobilien,50-200,,www.berger-wohn.de,Generated
office@maier-motor.de,,,Motortechnik Maier e.K.,Geschäftsführer,Automotive,20-100,,www.maier-motor.de,Generated
info@becker-handwerk.de,,,Holz Becker GmbH,Geschäftsführer,Handwerk,50-200,,www.becker-handwerk.de,Generated
office@kraemer-tuning.de,,,Krämer Group OHG,Geschäftsführer,Automotive,30-150,,www.kraemer-tuning.de,Generated
kontakt@partner-roth.de,,,Potsdamer Partner e.K.,Geschäftsführer,Beratung,20-100,,www.partner-roth.de,Generated
info@otto-event.de,,,Event Magdeburg UG,Geschäftsführer,Gastro,10-50,,www.otto-event.de,Generated
mail@restaurant-voigt.de,,,Würzburger Restaurant AG,Geschäftsführer,Gastro,50-200,,www.restaurant-voigt.de,Generated
info@schubert-kfz.de,,,KFZ Schubert GmbH,Geschäftsführer,Automotive,30-150,,www.schubert-kfz.de,Generated
office@engel-vital.de,,,Engel Vital OHG,Geschäftsführer,Gesundheit,10-50,,www.engel-vital.de,Generated
mail@krause.de,,,Krause & Söhne KG,Geschäftsführer,Gastro,20-100,,www.krause.de,Generated
office@bauer-gesundheit.de,,,Bauer Group KG,Geschäftsführer,Gesundheit,10-50,,www.bauer-gesundheit.de,Generated
info@strategie-kraemer.de,,,Krämer & Partner Strategie GmbH & Co. KG,Geschäftsführer,Beratung,10-50,,www.strategie-kraemer.de,Generated
kontakt@koehler.de,,,Gesundheittechnik Köhler AG,Geschäftsführer,Gesundheit,20-100,,www.koehler.de,Generated
mail@haas-produktion.de,,,Stahl-Service Haas GmbH,Geschäftsführer,Produktion,20-100,,www.haas-produktion.de,Generated
mail@peters-import.de,,,Import-Service Peters KG,Geschäftsführer,Handel,50-200,,www.peters-import.de,Generated
mail@sommer.de,,,Sommer & Söhne AG,Geschäftsführer,Logistik,100-250,,www.sommer.de,Generated
info@fertigung-lange.de,,,Lange Produktion GmbH,Geschäftsführer,Produktion,100-250,,www.fertigung-lange.de,Generated
office@consulting-richter.de,,,Richter Consulting OHG,Geschäftsführer,IT,10-50,,www.consulting-richter.de,Generated
office@schmidt-beratung.de,,,Marburger Partner UG,Geschäftsführer,Beratung,20-100,,www.schmidt-beratung.de,Generated
info@martin.de,,,Martin Group OHG,Geschäftsführer,Beratung,20-100,,www.martin.de,Generated
mail@kaiser-transport.de,,,Transport Lüdenscheid GmbH & Co. KG,Geschäftsführer,Logistik,10-50,,www.kaiser-transport.de,Generated
office@frank-it.de,,,Bochumer Web AG,Geschäftsführer,IT,50-200,,www.frank-it.de,Generated
mail@stein.de,,,Stein IT KG,Geschäftsführer,IT,20-100,,www.stein.de,Generated
mail@kfz-schneider.de,,,KFZ Rostock GmbH & Co. KG,Geschäftsführer,Automotive,20-100,,www.kfz-schneider.de,Generated
kontakt@fischer-gastro.de,,,Bartechnik Fischer e.K.,Geschäftsführer,Gastro,30-150,,www.fischer-gastro.de,Generated
office@lorenz-elektro.de,,,Elektro Lorenz KG,Geschäftsführer,Handwerk,50-200,,www.lorenz-elektro.de,Generated
mail@bau-koenig.de,,,Bau-Service König KG,Geschäftsführer,Handwerk,30-150,,www.bau-koenig.de,Generated
mail@schmidt-handwerk.de,,,Gütersloher Maler OHG,Geschäftsführer,Handwerk,20-100,,www.schmidt-handwerk.de,Generated
office@wolf.de,,,Gesundheit Wolf KG,Geschäftsführer,Gesundheit,50-200,,www.wolf.de,Generated
kontakt@lang-catering.de,,,Lang Group KG,Geschäftsführer,Gastro,50-200,,www.lang-catering.de,Generated
office@solutions-otto.de,,,Solutions-Service Otto UG,Geschäftsführer,Beratung,10-50,,www.solutions-otto.de,Generated
office@brandt.de,,,Mannheimer Data AG,Geschäftsführer,IT,30-150,,www.brandt.de,Generated
kontakt@jaeger-handwerk.de,,,Jäger Group UG,Geschäftsführer,Handwerk,100-250,,www.jaeger-handwerk.de,Generated
office@schaefer-handel.de,,,Schäfer & Söhne AG,Geschäftsführer,Handel,10-50,,www.schaefer-handel.de,Generated
info@kuehn.de,,,Kühn Logistik e.K.,Geschäftsführer,Logistik,20-100,,www.kuehn.de,Generated
kontakt@franke-beratung.de,,,Consultingtechnik Franke OHG,Geschäftsführer,Beratung,20-100,,www.franke-beratung.de,Generated
info@dietrich.de,,,Lager-Service Dietrich GmbH,Geschäftsführer,Logistik,20-100,,www.dietrich.de,Generated
office@neumann.de,,,Neumann & Partner Consulting UG,Geschäftsführer,IT,100-250,,www.neumann.de,Generated
info@keller-beratung.de,,,Keller Advisory e.K.,Geschäftsführer,Beratung,30-150,,www.keller-beratung.de,Generated
office@bauer-beratung.de,,,Bauer & Söhne GmbH & Co. KG,Geschäftsführer,Beratung,50-200,,www.bauer-beratung.de,Generated
office@schulze-medical.de,,,Schulze Medical UG,Geschäftsführer,Gesundheit,30-150,,www.schulze-medical.de,Generated
office@solutions-arnold.de,,,Solutionstechnik Arnold e.K.,Geschäftsführer,Beratung,100-250,,www.solutions-arnold.de,Generated
kontakt@martin-gastro.de,,,Martin Gastro OHG,Geschäftsführer,Gastro,20-100,,www.martin-gastro.de,Generated
info@ludwig.de,,,Tech-Service Ludwig UG,Geschäftsführer,IT,50-200,,www.ludwig.de,Generated
kontakt@auto-brandt.de,,,Brandt & Partner Auto AG,Geschäftsführer,Automotive,10-50,,www.auto-brandt.de,Generated
kontakt@business-meier.de,,,Businesstechnik Meier UG,Geschäftsführer,Beratung,100-250,,www.business-meier.de,Generated
kontakt@horn-präzision.de,,,Horn Produktion AG,Geschäftsführer,Produktion,30-150,,www.horn-präzision.de,Generated
kontakt@schroeder-consulting.de,,,Consulting Schröder KG,Geschäftsführer,IT,50-200,,www.schroeder-consulting.de,Generated
info@anlagen-kuehn.de,,,Kühn Anlagen e.K.,Geschäftsführer,Produktion,10-50,,www.anlagen-kuehn.de,Generated
office@wolf-produktion.de,,,Wolf & Partner Anlagen UG,Geschäftsführer,Produktion,20-100,,www.wolf-produktion.de,Generated
mail@handel-graf.de,,,Handel Graf KG,Geschäftsführer,Handel,50-200,,www.handel-graf.de,Generated
kontakt@groß.de,,,Transport Mannheim KG,Geschäftsführer,Logistik,30-150,,www.groß.de,Generated
mail@schneider.de,,,Freiburger Metall UG,Geschäftsführer,Produktion,30-150,,www.schneider.de,Generated
mail@werner.de,,,Maler-Service Werner AG,Geschäftsführer,Handwerk,20-100,,www.werner.de,Generated
mail@ludwig.de,,,Ludwig & Söhne KG,Geschäftsführer,Automotive,100-250,,www.ludwig.de,Generated
kontakt@schumacher.de,,,Partner-Service Schumacher UG,Geschäftsführer,Beratung,10-50,,www.schumacher.de,Generated
mail@lack-arnold.de,,,Lack Braunschweig e.K.,Geschäftsführer,Automotive,100-250,,www.lack-arnold.de,Generated
mail@partner-engel.de,,,Engel Partner UG,Geschäftsführer,Beratung,30-150,,www.partner-engel.de,Generated
mail@winkler.de,,,Winkler & Söhne GmbH,Geschäftsführer,Handel,10-50,,www.winkler.de,Generated
mail@winter-logistik.de,,,Distributiontechnik Winter AG,Geschäftsführer,Logistik,10-50,,www.winter-logistik.de,Generated
office@albrecht-distribution.de,,,Distributiontechnik Albrecht e.K.,Geschäftsführer,Logistik,50-200,,www.albrecht-distribution.de,Generated
info@pension-fuchs.de,,,Fuchs & Partner Pension AG,Geschäftsführer,Gastro,50-200,,www.pension-fuchs.de,Generated
office@export-stein.de,,,Stein & Partner Export GmbH,Geschäftsführer,Handel,30-150,,www.export-stein.de,Generated
office@koch-software.de,,,Koch & Söhne e.K.,Geschäftsführer,IT,30-150,,www.koch-software.de,Generated
kontakt@voigt.de,,,Beratungtechnik Voigt UG,Geschäftsführer,Beratung,50-200,,www.voigt.de,Generated
office@graf-fertigung.de,,,Fertigungtechnik Graf OHG,Geschäftsführer,Produktion,10-50,,www.graf-fertigung.de,Generated
mail@it-winter.de,,,Dresdener IT KG,Geschäftsführer,IT,100-250,,www.it-winter.de,Generated
office@lorenz-automotive.de,,,Lorenz Lack UG,Geschäftsführer,Automotive,10-50,,www.lorenz-automotive.de,Generated
info@roth-solutions.de,,,Roth IT GmbH,Geschäftsführer,IT,100-250,,www.roth-solutions.de,Generated
mail@sauer.de,,,Sauer Wellness GmbH & Co. KG,Geschäftsführer,Gesundheit,30-150,,www.sauer.de,Generated
office@werner-immobilien.de,,,Service Jena e.K.,Geschäftsführer,Immobilien,30-150,,www.werner-immobilien.de,Generated
mail@thomas-vital.de,,,Thomas Vital GmbH & Co. KG,Geschäftsführer,Gesundheit,10-50,,www.thomas-vital.de,Generated
kontakt@martin.de,,,Martin Distribution GmbH,Geschäftsführer,Logistik,30-150,,www.martin.de,Generated
office@keller-handel.de,,,Kaiserslauterner Markt AG,Geschäftsführer,Handel,50-200,,www.keller-handel.de,Generated
kontakt@schwarz.de,,,Schwarz Advisory AG,Geschäftsführer,Beratung,100-250,,www.schwarz.de,Generated
office@koehler.de,,,Köhler Lager AG,Geschäftsführer,Logistik,50-200,,www.koehler.de,Generated
kontakt@präzision-guenther.de,,,Günther Präzision GmbH & Co. KG,Geschäftsführer,Produktion,20-100,,www.präzision-guenther.de,Generated
kontakt@stein-express.de,,,Gelsenkirchener Express OHG,Geschäftsführer,Logistik,10-50,,www.stein-express.de,Generated
info@mayer.de,,,Fitnesstechnik Mayer KG,Geschäftsführer,Gesundheit,10-50,,www.mayer.de,Generated
kontakt@stein-solutions.de,,,Solutionstechnik Stein GmbH,Geschäftsführer,Beratung,100-250,,www.stein-solutions.de,Generated
